"","ROCS21.C.extrac","ROCS21.C.plate","ROCS21.C.plate","X","X.1","Domain","Supergroup","Division","Subdivision","Class","Order","Family","Genus","Species","Domain.1","Supergroup.1","Division.1","Subdivision.1","Class.1","Order.1","Family.1","Genus.1","Species.1","X","OTU","assignmentQual","taxID","superkingdom","phylum","class","order","family","genus","species"
"ASV_1",0,0,3,"GTCGCTACTACCGATTGAACGTTTTAGTGAGGTCCTCGGACTGTTTGCCTGGCGGATTACTCTGCCTGGCTGGCGGGAAGACGACCAAACTGTAGCGTTTAGAGGAAGTAAAAGTCGTAACAAGGTTTCC","ASV_1","Eukaryota","Obazoa","Opisthokonta","Metazoa","Arthropoda","Crustacea","Maxillopoda","Neocalanus","Neocalanus_cristatus",100,100,100,100,100,100,100,91,91,1,"ASV_1","High-MH","None","Eukaryota","Arthropoda","Hexanauplia",NA,NA,NA,NA
"ASV_2",0,0,2,"GTCGCTACTACCGATTGAACGTTTTAGTGAGGTATTTGGACTGGGCCTTGGGAGGATTCGTTCTCCCATGTTGCTCGGGAAGACTCCCAAACTTGAGCGTTTAGAGGAAGTAAAAGTCGTAACAAGGTTTCC","ASV_2","Eukaryota","Obazoa","Opisthokonta","Metazoa","Arthropoda","Crustacea","Maxillopoda","Oithona","Oithona_sp.",100,100,100,100,100,100,100,87,69,2,"ASV_2","High","324873","Eukaryota","Arthropoda","Hexanauplia","Cyclopoida","Oithonidae","Oithona","Oithona similis"
"ASV_4",0,0,2,"GTCACACCATGGGAGTTGGTTCTACCTTAAGGCAAGGTTTTAAACCCTTGACCACGGTATAGTCAGCGACTGGGGTGAAGTCGTAACAAGGTAGCC","ASV_4","Bacteria","PANNAM","Proteobacteria","Proteobacteria_X","Alphaproteobacteria","SAR11_clade","Clade_I","Clade_Ia","Clade_Ia_sp.",92,92,92,92,92,85,85,72,72,4,"ASV_4","High-MH","None","Bacteria","Pseudomonadota","Alphaproteobacteria","Candidatus Pelagibacterales","Candidatus Pelagibacteraceae",NA,NA
"ASV_6",3,0,3,"GTCATACCATGGAAGTGGATTGCACCAGAAGTAGATAGTCTAACCTTAGGGAGGGCGTTTACCACGGTGTGCTTCATGACTGGGGTAAAGTCGTAACAAGGTAGCC","ASV_6","Bacteria","PANNAM","Proteobacteria","Proteobacteria_X","Gammaproteobacteria","SAR86_clade","SAR86_clade_X","SAR86_clade_XX","SAR86_clade_XX_sp.",98,98,98,98,98,91,91,91,91,6,"ASV_6","None","None",NA,NA,NA,NA,NA,NA,NA
"ASV_27",0,3,0,"GTCGCTCCTACCGATTGAGTGATCCGGTGAATAATTCGGACTGCAGCAATCGTTCAGTTCTCTGAACGTTGCAGCGGAAAGTTTAGTGAACCTTATCACTTAGAGGAAGGAGAAGTCGTAACAAGGTTTCC","ASV_27","Eukaryota","TSAR","Alveolata","Dinoflagellata","Dinophyceae","Gymnodiniales","Gymnodiniaceae","Gyrodinium","Gyrodinium_rubrum",100,100,100,100,100,98,95,95,95,27,"ASV_27","Low","244962","Eukaryota","","Dinophyceae","Gymnodiniales","Gymnodiniaceae","Gyrodinium","Gyrodinium rubrum"
"ASV_30",3,0,0,"GTCGCACCTACCGATTGAATGGTCCGGTGAAGCCTCGAGATTGTGGTTGGGTTCCTTTATTGGAGCCTGACTGTGAGAACTTGTCTAAACCTTATCATTTAGAGGAAGGTGAAGTCGTAACAAGGTTTCC","ASV_30","Eukaryota","TSAR","Stramenopiles","Gyrista","Mediophyceae","Chaetocerotales","Chaetocerotaceae","Chaetoceros","Chaetoceros_rostratus",100,100,100,100,90,89,89,89,82,30,"ASV_30","High","49239","Eukaryota","Bacillariophyta","Coscinodiscophyceae","Chaetocerotales","Chaetocerotaceae","Chaetoceros","Chaetoceros rostratus"
"ASV_81",0,0,2,"GTCGCACCTACCGATTGAATGGTCCGGTGAAGCCTCGAGATTGTGGTTAGTTTCCTTTATTGGAAGTTAACCACGAGAACTTGTCTAAACCTTATCATTTAGAGGAAGGTGAAGTCGTAACAAGGTTTCC","ASV_81","Eukaryota","TSAR","Stramenopiles","Gyrista","Bacillariophyceae","Bacillariales","Bacillariaceae","Pseudo-nitzschia","Pseudo-nitzschia_delicatissima",100,100,100,100,100,99,99,96,91,81,"ASV_81","High-MH","None","Eukaryota","Bacillariophyta","Bacillariophyceae","Bacillariales","Bacillariaceae","Pseudo-nitzschia",NA
"ASV_105",3079,0,0,"GTCGCTACTACCGATTGAATGGTTTAGTGAGAACTCGGGATTGCGGGCGCGGGGCTAGCAATAGCTTCCGAGCCGGTGAGAACTTGCTCAAACTTGATCATTTAGAGGAAGTAAAAGTCGTAACAAGGTTTCC","ASV_105","Eukaryota","Obazoa","Opisthokonta","Metazoa",NA,NA,NA,NA,NA,100,93,93,68,16,16,16,5,5,105,"ASV_105","Low","1545444","Eukaryota","","Choanoflagellata","Acanthoecida","Acanthoecidae","Acanthoeca","Acanthoeca sp. SIOpierAcanth1"
"ASV_125",2,0,2,"GTCGCTACTACCGATTGAGTGCCAGGGTGAAATTTTCGGACCGTGGTCGCCAGTTGGACTACCAACTATTGACCATGGGAAGTTACTTAAATCCTGCTACTTAGAGGAAGTAAAAGTCGTAACAAGGTTTCC","ASV_125","Eukaryota","Obazoa","Opisthokonta","Metazoa",NA,NA,NA,NA,NA,100,73,71,57,19,10,9,6,6,125,"ASV_125","None","None",NA,NA,NA,NA,NA,NA,NA
"ASV_148",0,0,3,"GTCACATCATGGAAGCCGGTAGCACCCGAAGTATTGTTCAATCAATCCTAAGGTGAAGCTGGTAACTGGGATGAAGTCGTAACAAGGTAGCC","ASV_148","Bacteria","PVC","Verrucomicrobia","Verrucomicrobia_X","Verrucomicrobiae","Verrucomicrobiales","Rubritaleaceae",NA,NA,72,72,72,72,72,72,70,44,44,148,"ASV_148","Low","454151","Bacteria","Verrucomicrobiota","Verrucomicrobiae","Verrucomicrobiales","Verrucomicrobiaceae","Luteolibacter","Luteolibacter algae"
"ASV_163",626,0,0,"GTCGCTCCTACCGATTGAATGGTCCGGCGAAATCTTCAGATTGCTGGCGAGGCTAACCCCTCGCTGTGAGAAGTTGATTAAACCTTATCATTTAGAGGAAGGAGAAGTCGTAACAAGGTTTCC","ASV_163","Eukaryota","Cryptista","Cryptophyta","Cryptophyta_X","Cryptophyceae","Cryptomonadales","Cryptomonadales_X","Cryptomonas",NA,100,99,99,99,99,98,98,98,15,163,"ASV_163","High-MH","None","Eukaryota","","Cryptophyceae","Cryptomonadales","Cryptomonadaceae","Cryptomonas",NA
"ASV_184",0,0,2,"GTCGCTACTACCGATCGTTCCAGTTAATGAGCGCCTCGGATTGGTCCCTCGAGCGGGTTCGCCCGCCCTTGGCGTCGCCGAGAAGATGTGCAAATTATCTGGAATAGAGGAAGTAAAAGTCGTAACAAGGTATCC","ASV_184","Eukaryota","Obazoa","Opisthokonta","Metazoa","Mollusca","Bivalvia","Heteroconchia","Hiatella","Hiatella_arctica",100,100,100,100,100,100,100,100,100,184,"ASV_184","High-MH","None","Eukaryota","Mollusca",NA,NA,NA,NA,NA
"ASV_233",2263,0,0,"GTCGCTCCTACCGATTGAGTGATCCGGTGAATGATTCGGACTGCGGTTTATCAGTAATGGTATTTCGCGGGAAGTTTCGTAAACCTTATCACTTAGAGGAAGGATAAGTCGTAACAAGGTTTCC","ASV_233","Eukaryota","TSAR","Alveolata",NA,NA,NA,NA,NA,NA,100,83,83,38,36,15,3,3,0,232,"ASV_233","Low","151742","Eukaryota","","","","","","Uncultured marine alveolate Group I DH147-EKD18"
"ASV_249",2745,0,0,"GTCGCTACTACCGATTGAATGGTTTAGTGAGATCTTCGGATTGGTCCGGAGGTGGCCGCAAGGTTGCCTCTAGGTTCTGAGAAGATGATCAAACTTGATCATTTAGAGGAAGTAAAAGTCGTAACAAGGTTTCC","ASV_249","Eukaryota","Obazoa","Opisthokonta","Metazoa","Rotifera","Rotifera_X","Rotifera_XX",NA,NA,100,100,100,100,100,100,100,11,11,248,"ASV_249","High-MH","None","Eukaryota","Rotifera","Eurotatoria","Ploima",NA,NA,NA
"ASV_313",1028,0,0,"GTCGCTACTACCGATTGAATGCTTTAATGAGTGTCATGGACGATGGCTCCTGGGAGCAATCCTGGTTGTTATTGAAAGTGAAGCAAATTTGAGCATTTAGAGGAAGTAAAAGTCGTAACAAGGTTTCC","ASV_313","Eukaryota","TSAR","Rhizaria","Cercozoa","Filosa-Thecofilosea","Filosa-Thecofilosea_X","Chlamydophryidae","Lecythium","Lecythium_hyalinum",100,98,98,98,98,98,98,94,87,312,"ASV_313","Low","2004639","Eukaryota","Cercozoa","Thecofilosea","Tectofilosida","Chlamydophryidae","Lecythium","Lecythium hyalinum"
"ASV_348",99,0,0,"GTCGCTTTTACCGATTGAGTGTCCAGGTGAGTCTTCTTGATAGTTGCAAAATTAAAAATTAAACAAACCTTGGCACTTAGAGGAAAAAGAAGTCGTAACAAGGTTTCC","ASV_348","Eukaryota","TSAR","Alveolata","Ciliophora","Oligohymenophorea","Peritrichia_2","Sessilida","Carchesium","Carchesium_polypinum",100,100,100,100,100,100,100,100,100,347,"ASV_348","High","168244","Eukaryota","Ciliophora","Oligohymenophorea","Sessilida","Vorticellidae","Carchesium","Carchesium polypinum"
"ASV_368",1407,0,0,"GTCGCTCCTACCAATTTCGAGTGATCTGGTGAACCTCTTTGGACTGTCGAGCAATCGCGAAATTAGAGTGAACCTGATCACTTAGAGGAAGGAGAAGTCGTAACAAGGTTTCC","ASV_368","Eukaryota","TSAR","Alveolata","Ciliophora","Spirotrichea","Euplotia","Euplotidae","Euplotes",NA,100,100,100,100,100,100,100,96,15,367,"ASV_368","High-MH","None","Eukaryota","Ciliophora","Spirotrichea","Euplotida","Euplotidae","Euplotes",NA
"ASV_383",805,0,0,"GTCGCTCCTACCGATTGAGTGATCCGGTGAATGACTCGGACTGTACGATTCCAGCAATGGATCAGTGCGGGAAGTTTCGTGAACCTTATCACTTAGAGGAAGGATAAGTCGTAACAAGGTTTCC","ASV_383","Eukaryota","TSAR","Alveolata","Dinoflagellata","Dinophyceae",NA,NA,NA,NA,100,78,76,61,60,30,11,11,6,382,"ASV_383","Low","221684","Eukaryota","","Dinophyceae","Amphidiniales","Amphidiniaceae","Amphidinium","Amphidinium sp. HG115"
"ASV_389",1074,0,0,"GTCGCTTTTACCGATTGAGTGTTCAGGTGAGTCTTCTTGATAGTTGCAAAATTAAAAATTAAACAAACCTTAGCACTTAGAGGAAAAAGAAGTCGTAACAAGGTTTCC","ASV_389","Eukaryota","TSAR","Alveolata","Ciliophora","Oligohymenophorea","Peritrichia_2","Sessilida",NA,NA,100,100,100,100,100,100,100,17,17,388,"ASV_389","High-MH","None","Eukaryota","Ciliophora","Oligohymenophorea","Sessilida",NA,NA,NA
"ASV_390",692,0,0,"GTCGCTTGTAGTAACGAATGGTCTGGTGAACCTTCTGGACTGAGGCCGCAAGGCTTCGGGAAGTTAAGTAAACCCTACCATTTGGAACAACAAGAAGTCGTAACAAGGTATCT","ASV_390","Eukaryota","TSAR","Alveolata","Ciliophora","Oligohymenophorea","Hymenostomatia","Ophryoglenida",NA,NA,100,100,100,100,100,100,59,35,35,389,"ASV_390","Low","5932","Eukaryota","Ciliophora","Oligohymenophorea","Hymenostomatida","","Ichthyophthirius","Ichthyophthirius multifiliis"
"ASV_472",471,0,0,"GTCGCTTGTAGTAACGAATGGTCTGGTGAACCTTCTGGACTGCGGTAGCAATGCTGCGGAAAAATAAGTAAACCCTACCATTTGGAACAACAAGAAGTCGTAACAAGGTATCT","ASV_472","Eukaryota","TSAR","Alveolata","Ciliophora","Oligohymenophorea","Hymenostomatia","Tetrahymenida","Tetrahymena","Tetrahymena_tropicalis",100,100,100,100,100,100,96,96,68,468,"ASV_472","High-MH","None","Eukaryota","Ciliophora","Oligohymenophorea","Hymenostomatida",NA,NA,NA
"ASV_478",410,0,0,"GTCGCTACTACCGATTGAATGGCTTAGTGAGCCTTTGGGATTGGCAGCTTGTACCGGCAACGGTAGCAGGCCGCTGAAAACTTAGGCAAACTTGGTCATTTAGAGGAAGTAAAAGTCGTAACAAGGTTTCT","ASV_478","Eukaryota","TSAR","Alveolata","Apicomplexa","Gregarinomorphea","Eugregarinorida","Polyplicariidae","Polyplicarium","Polyplicarium_citrusae",100,68,68,68,68,68,68,68,68,474,"ASV_478","High-MH","None","Eukaryota",NA,NA,NA,NA,NA,NA
"ASV_482",22,0,0,"GTCGCTACTACCGATTGAATGGTTTAGTGAGATCCTCGGATTGGACCGGAAGTGGCCGCAAGGTTGCCTCTAGGTTCCGAGAAGACGATCAAACTTGATCATTTAGAGGAAGTAAAAGTCGTAACAAGGTTTCC","ASV_482","Eukaryota","Obazoa","Opisthokonta","Metazoa","Rotifera","Rotifera_X","Rotifera_XX","Notholca","Notholca_acuminata",100,100,100,100,98,98,98,74,74,478,"ASV_482","High-MH","None","Eukaryota","Rotifera","Eurotatoria","Ploima","Brachionidae",NA,NA
"ASV_483",1281,0,0,"GTCGCTACTACCGATTGAATGGCTTAGTGAGGCCTCCGGAGCTGCAATCAACAGGGCGACCTGACGATTTGCGGCGAAGCTGGTCAAACTTGGTCATTTAGAGGAAGTAAAAGTCGTAACAAGGTTTCC","ASV_483","Eukaryota","Obazoa","Opisthokonta","Fungi","Ascomycota",NA,NA,NA,NA,99,97,97,85,56,39,37,16,3,479,"ASV_483","Low","291208","Eukaryota","Ascomycota","Saccharomycetes","Saccharomycetales","","","[Candida] saopauloensis"
"ASV_489",446,0,0,"GTCGTTGCCTGTGATGGGTAGTGAGTAAAGCCATTTGGAGGATTTGTCCTTCGAGTTTACTCGGAGGGCGATCCAAAATTTGTCGATACTTACTATCTAGAAGAGGCAAAAGTCGTAACAAGGTTGCT","ASV_489","Eukaryota",NA,NA,NA,NA,NA,NA,NA,NA,94,46,46,46,40,34,31,15,15,485,"ASV_489","None","None",NA,NA,NA,NA,NA,NA,NA
"ASV_567",549,0,0,"GTCACACCATGGGAGTGGAGGATACCAGAAGTAGTTAGGCTAACCGTAAGGAGGCCGATTACCACGGTATGTTTCATGACTGGGGTGAAGTCGTAACAAGGTAGCA","ASV_567","Bacteria","PANNAM","Proteobacteria","Proteobacteria_X","Gammaproteobacteria","Betaproteobacteriales",NA,NA,NA,87,85,85,85,84,71,47,44,44,562,"ASV_567","Low","2067065","Bacteria","Pseudomonadota","Betaproteobacteria","Neisseriales","Neisseriaceae","Aquella","Aquella oligotrophica"
"ASV_575",463,0,0,"GTCGCTGCTACCGATTGAATGATCCGGTGAATATTCGGGACTGCACGATTCCTTGAGAATCGAGCGGGAACTTAAGTGAACCTTATCATTTAGAGGAAGCAAAAGTCGTAACAAGGTTTCC","ASV_575","Eukaryota",NA,NA,NA,NA,NA,NA,NA,NA,100,28,20,20,20,20,20,16,6,570,"ASV_575","Low","411637","Eukaryota","Discosea","Flabellinia","","Vannellidae","Vannella","Vannella epipetala"
"ASV_604",347,0,0,"GTCACACCATGGGAGTGGGTTGCAAAAGAAGTAGGTAGCTTAACCTTCGGGAGGGCGCTTACCACTTTGTGATTCATGACTGGGGTGAAGTCGTAACAAGGTAACC","ASV_604","Bacteria","PANNAM","Proteobacteria","Proteobacteria_X","Gammaproteobacteria",NA,NA,NA,NA,96,96,96,96,96,6,6,6,6,599,"ASV_604","High-MH","None","Bacteria","Pseudomonadota","Gammaproteobacteria","Enterobacterales",NA,NA,NA
"ASV_657",940,0,0,"GTCGCACCTACCGATTGGATGGTCCGGTGAGAATTTCGGACTGTGGTAACGTTGCCTTTCGGGGTGATGTTGCTGTGGGAAGTTATTCAAACCTTATCATCTAGAGGAAGGTAAAGTCGTAACAAGGTTTCC","ASV_657","Eukaryota","TSAR","Stramenopiles",NA,NA,NA,NA,NA,NA,99,64,57,42,3,3,3,3,3,652,"ASV_657","Low","230410","Eukaryota","","","Pirsoniales","","Pirsonia","Pirsonia guinardiae"
"ASV_726",100,0,0,"GTCGCTACTACCGATTGAACGTTTTAGTGAGGTATTTGGACTGGACCTCCGGAGGTTCGCGCCTCCGGTGCTGTTCGGGAAGACTCCCAAACTTGAGCGTTTAGAGGAAGTAAAAGTCGTAACAAGGTTACC","ASV_726","Eukaryota","Obazoa","Opisthokonta","Metazoa","Arthropoda","Crustacea","Maxillopoda","Cyclopidae","Cyclopidae_sp.",100,100,100,100,100,100,100,80,80,720,"ASV_726","High-MH","None","Eukaryota","Arthropoda","Hexanauplia","Cyclopoida","Cyclopidae",NA,NA
"ASV_801",75,0,0,"GTCGCTCCTACCGATACCGGGTGATGTGCTGAACCTTTTGGACCGAATTTCGGAAAGATATGTAAAGCTTATCACCTAGAGGAAGGAGAAGTCGTAACAAGGTTTCC","ASV_801","Eukaryota","TSAR","Alveolata","Ciliophora","Litostomatea","Haptoria_5","Pleurostomatida","Hemiophrys","Hemiophrys_procera",100,99,99,99,99,99,99,75,58,793,"ASV_801","High-MH","None","Eukaryota","Ciliophora","Litostomatea","Pleurostomatida","Amphileptidae",NA,NA
"ASV_817",379,0,0,"GTCGCTCCTACCGATTGAATGTGCTGGTGAAGATTTCGGATTGGCTGTTCAGTTAGGTTTCCTAGCTCTACAGCTGAGAAGTTGTTTAAACCCTCCCATTTAGAGGAAGGAGAAGTCGTAACAAGGTTTCC","ASV_817","Eukaryota","Archaeplastida","Chlorophyta","Chlorophyta_X","Ulvophyceae","Ulotrichales","Ulotrichales_X","Ulothrix","Ulothrix_zonata",100,100,100,100,100,100,100,97,97,809,"ASV_817","High","43941","Eukaryota","Chlorophyta","Ulvophyceae","Ulotrichales","Ulotrichaceae","Ulothrix","Ulothrix zonata"
"ASV_828",312,0,0,"GTCACACCATGGGAGTTTGTTGCACCAGAAGTAGGTAGTCTAACCGCAAGGAGGACGCTTACCACGGTGTGGCCGATGACTGGGGTGAAGTCGTAACAAGGTAGCC","ASV_828","Bacteria","PANNAM","Proteobacteria","Proteobacteria_X","Gammaproteobacteria","Pseudomonadales","Moraxellaceae","Acinetobacter","Acinetobacter_sp.",98,98,98,98,98,83,83,83,83,820,"ASV_828","High-MH","None","Can't find taxa in database","Can't find taxa in database","Can't find taxa in database","Can't find taxa in database","Can't find taxa in database","Can't find taxa in database","Can't find taxa in database"
"ASV_830",198,0,0,"GTCGCTCCTACCGATTGGGTGTGCTGGTGAAATGTTCGGATTGGTAGCCTTTCCGTAAGGGAGGCTCCTGAGAAGTTCACTGAACCCTCTCATCTAGAGGAAGGAGAAGTCGTAACAAGGTCTCC","ASV_830","Eukaryota","Archaeplastida","Chlorophyta","Chlorophyta_X","Ulvophyceae","Cladophorales","Cladophorales_X","Cladophora","Cladophora_vagabunda",100,99,98,98,98,98,98,83,83,822,"ASV_830","High-MH","None","Eukaryota","Chlorophyta","Ulvophyceae","Cladophorales","Cladophoraceae","Cladophora",NA
"ASV_918",365,0,0,"GTCGCTCCTACCGATACCGGGTGATCCGGTGAACCTTTTGGACCGTTCGCGGAAATAAACGTAAACCATATCACCTAGAGGAAGGAGAAGTCGTAACAAGGTTTCC","ASV_918","Eukaryota","TSAR","Alveolata","Ciliophora","Litostomatea","Haptoria_6","Lacrymariidae","Lacrymaria","Lacrymaria_sp.",100,100,100,100,97,75,75,60,59,909,"ASV_918","Low","2023689","Eukaryota","Ciliophora","Litostomatea","Haptorida","Lacrymariidae","Lacrymaria","Lacrymaria sp. FG-2017a"
"ASV_943",189,0,0,"GTCACACCATGGGAGTGGGTTGCACCAGAAGTAGCTAGTCTAACCTTCGGGAGGACGGTTACCACGGTGTGATTCATGACTGGGGTGAAGTCGTAACAAGGTAGCC","ASV_943","Bacteria","PANNAM","Proteobacteria","Proteobacteria_X","Gammaproteobacteria",NA,NA,NA,NA,97,97,97,97,97,38,18,18,18,933,"ASV_943","High-MH","None","Bacteria","Pseudomonadota","Gammaproteobacteria",NA,NA,NA,NA
"ASV_1008",123,0,0,"GTCGCTCCTACCGATTGAGTGATCCGGTGAATGACTCGGACTGTACTAATCCAGCAATGGGTAAGTGCGGGAAGTTTCGTAAACCTTATCACTTAGAGGAAGGATAAGTCGTAACAAGGTTTCC","ASV_1008","Eukaryota","TSAR","Alveolata",NA,NA,NA,NA,NA,NA,100,80,80,10,6,5,5,5,1,996,"ASV_1008","Low","2049902","Eukaryota","Apicomplexa","Conoidasida","","","","Coccidia sp."
"ASV_1026",127,0,0,"GTCGCTACTACCGATTGAATGGCTTAGTGAGGTCTTCGGATTGTCTTACAGATGCTCGCAAGGGCGCCTGTTCGACGAGAAGTTGATCAAACTTGGTCATTTAGAGGAAGTAAAAGTCGTAACAAGGTTTCC","ASV_1026","Eukaryota","Obazoa","Opisthokonta","Fungi",NA,NA,NA,NA,NA,100,94,94,59,33,27,22,0,0,1014,"ASV_1026","Low","1709941","Eukaryota","","","","","","fungal sp."
"ASV_1032",1272,0,0,"GTCGCTATTACCGATTGGGTGTATAGGTGAACCTTCTCGATAGTCGCAAGACTAGAAATTAAGTAAACCTTTGCACCTAGAGGAAATAAAAGTCGTAACAAGGTTTCC","ASV_1032","Eukaryota","TSAR","Alveolata","Ciliophora","Oligohymenophorea","Peritrichia_2","Sessilida","Epistylis","Epistylis_plicatilis",100,100,100,100,100,100,100,54,54,1020,"ASV_1032","High-MH","None","Eukaryota","Ciliophora","Oligohymenophorea","Sessilida","Epistylidae","Epistylis",NA
"ASV_1042",628,0,0,"GTCGCTCCTACCGATTTCGAGTGATGAGGTGAACCCTCCGGACTGTGCGCGCAAGCGTTGGGAAGTTGAGTAAACCTTATCACTTAGAGGAAGGAGAAGTCGTAACAAGGTATCT","ASV_1042","Eukaryota","TSAR","Alveolata","Ciliophora","Heterotrichea","Heterotrichea_X","Stentoridae","Stentor","Stentor_roeselii",100,100,100,100,99,99,93,93,58,1030,"ASV_1042","High-MH","None","Eukaryota","Ciliophora","Heterotrichea","Heterotrichida","Stentoridae","Stentor",NA
"ASV_1090",9,0,0,"GTCGCACCTACCGATTGAATGGTCCGGTGAAGCCTCGGGATTGTGACCAGTGCCTTTACTGGTGTTGGCTGCAAGAACTTGTCTAAACCTTATCATTTAGAGGAAGGTGAAGTCGTAACAAGGTTTCC","ASV_1090","Eukaryota","TSAR","Stramenopiles","Gyrista","Bacillariophyceae","Cymbellales","Gomphonemataceae",NA,NA,100,100,100,100,100,55,53,37,28,1077,"ASV_1090","High-MH","None","Eukaryota","Bacillariophyta","Bacillariophyceae","Cymbellales","Cymbellaceae","Encyonema",NA
"ASV_1098",720,0,0,"ATCACGCTCGGAAAGTCGATATTGGTGGAAGATTTTAAAACTTCTTCATAATTCTAAGTTTTAATTAAATTAGATGTACTTATATTATTTTTTTAATAGTGTAGTTAGCAATTAGTATCCAATCCAGTATTGGTAATTTGAGTGAAGTTGACACAAGGTACTG","ASV_1098",NA,NA,NA,NA,NA,NA,NA,NA,NA,46,36,36,25,23,22,22,22,22,1084,"ASV_1098","None","None",NA,NA,NA,NA,NA,NA,NA
"ASV_1282",95,0,0,"GTCGCTCCTACCGATTTCGAGTGATTCGGTGAACCTTCTGGACTGTACAGTTCCTTGAGTTCTGTGTAGGAAGTTAAGTAAACCATATCACTTAGAGGAAGGAGAAGTCGTAACAAGGTATCC","ASV_1282","Eukaryota","TSAR","Alveolata","Ciliophora","Prostomatea","Prorodontida","Urotrichidae",NA,NA,100,98,97,97,71,71,70,40,40,1262,"ASV_1282","Low","2777711","Eukaryota","Ciliophora","Prostomatea","Prorodontida","Urotrichidae","Urotricha","Urotricha sp."
"ASV_1336",632,0,0,"GTCACACCACGAGAGTTTTTTGTACCCAAAGTTATTTTAGCTAACCTTTTCGGAGGGGGCGGATAATTACGGTATGGGAGATGATTGGGGTGAAGTCGTAACAAGGTAGCT","ASV_1336",NA,NA,NA,NA,NA,NA,NA,NA,NA,37,20,20,20,20,20,12,12,12,1313,"ASV_1336","Low","1619078","Bacteria","","","","","","candidate division TM6 bacterium GW2011_GWF2_30_66"
"ASV_1338",405,0,0,"GTCGCTTGTAGTAACGAATGGTCTGGTGAACCTTCTGGACTGCGGCAGCAATGCTGCGGAAAAATAAGTAAACCCTACCATTTGGAACAACAAGAAGTCGTAACAAGGTATCT","ASV_1338","Eukaryota","TSAR","Alveolata","Ciliophora","Oligohymenophorea","Hymenostomatia","Tetrahymenida","Tetrahymena","Tetrahymena_tropicalis",100,100,100,100,100,100,100,100,83,1315,"ASV_1338","High-MH","None","Eukaryota","Ciliophora","Oligohymenophorea","Hymenostomatida","Tetrahymenidae",NA,NA
"ASV_1363",332,0,0,"GTCGTTGTTTCCGATGATGGTGCAATACAGGTGATCGGACACGCAATCTGATTGCGTGAAAGTTCACCGATATTTCTTCAATAGAGGAAGCAAAAGTCGTAACAAGGTAGCT","ASV_1363","Eukaryota","Excavata","Discoba","Euglenozoa","Kinetoplastea",NA,NA,NA,NA,100,99,99,99,99,37,37,37,31,1338,"ASV_1363","Low","1037967","Eukaryota","Euglenozoa","Kinetoplastea","Neobodonida","","Azumiobodo","Azumiobodo hoyamushi"
"ASV_1418",128,0,0,"GTCGCTACTACCGATTGAATGGCTTAGTGAGCCTTTGGGATCGGCAGCTTGTACCGGCAACGGTAGCAGGCCGCTGAAAACTTAGGCAAACTTGGTCATTTAGAGGAAGTAAAAGTCGTAACAAGGTTTCT","ASV_1418","Eukaryota","Obazoa","Opisthokonta","Fungi","Basidiomycota","Ustilaginomycotina","Exobasidiomycetes","Malassezia",NA,100,72,72,71,71,71,71,63,19,1392,"ASV_1418","High-MH","None","Eukaryota",NA,NA,NA,NA,NA,NA
"ASV_1436",29,0,0,"GTCGCTACTACCGATTGAATGGTTTAGTGAGATCTTCGGATTGGTCCGGAAGTGGCCGCAAGGTTGCCTCTAGGTTCTGAGAAGATGATCAAACTTGATCATTTAGAGGAAGTAAAAGTCGTAACAAGGTTTCC","ASV_1436","Eukaryota","Obazoa","Opisthokonta","Metazoa","Rotifera","Rotifera_X","Rotifera_XX",NA,NA,100,100,100,100,98,98,98,26,26,1410,"ASV_1436","High-MH","None","Eukaryota","Rotifera","Eurotatoria","Ploima",NA,NA,NA
"ASV_1447",561,0,0,"GTCGCTTGTAGTAACGAATGGTCTGGTGAACCTTCTGGACTGCTCAGCAATGAGCGGAAAAATAAGTAAACCCTACCATTTGGAACAACAAGAAGTCGTAACAAGGTATCT","ASV_1447","Eukaryota","TSAR","Alveolata","Ciliophora","Oligohymenophorea","Hymenostomatia","Glaucomidae","Glaucomidae_X","Glaucomidae_X_sp.",100,100,100,100,100,100,92,92,92,1420,"ASV_1447","High-MH","None","Eukaryota","Ciliophora","Oligohymenophorea","Hymenostomatida",NA,NA,NA
"ASV_1493",140,0,0,"ATCATATTCGAAGAATTTTTTTGGTTTTATAGGAGATTATTTTTTTAAATTTATTATTAATTAATATTTAAAAAGGATATTTTTAAAAAACAGAAGGGTAATTTGGATGAAGTTGAAACAAGGTAATA","ASV_1493","Eukaryota",NA,NA,NA,NA,NA,NA,NA,NA,84,35,32,32,32,32,32,32,24,1465,"ASV_1493","Low","5940","Eukaryota","Ciliophora","Spirotrichea","Euplotida","Euplotidae","Euplotes","Euplotes aediculatus"
"ASV_1501",162,0,0,"GTCGCTCCTACCGATTGGGTGTGCTGGTGAAGTGTTCGGATTGGAAATAGCGGTGGGAAACCTCTGCTGTTTCCGAGAAGTTCATTAAACCCTCCCACCTAGAGGAAGGAGAAGTCGTAACAAGGTTTCC","ASV_1501","Eukaryota","Archaeplastida","Chlorophyta","Chlorophyta_X","Chlorophyceae","Oedogoniales","Oedogoniales_X","Oedogonium","Oedogonium_sp.",100,100,100,100,91,60,60,60,60,1472,"ASV_1501","Low","2945691","Eukaryota","Chlorophyta","Chlorophyceae","Oedogoniales","Oedogoniaceae","Oedogonium","Oedogonium sp. BEA0147B"
"ASV_1532",155,0,0,"GTCGCTCCTACCGATTGAGTGATCCGGTGAATGACTCGGACTGTGTAACCCAGCAATGGGAATATGCGGGAAGTTTCGTAAACCTTATCACTTAGAGGAAGGATAAGTCGTAACAAGGTTTCC","ASV_1532","Eukaryota","TSAR","Alveolata",NA,NA,NA,NA,NA,NA,98,81,81,41,15,15,9,9,8,1502,"ASV_1532","Low","1911594","Eukaryota","","Dinophyceae","Peridiniales","Amphidiniopsidaceae","Amphidiniopsis","Amphidiniopsis cf. kofoidii BB3"
"ASV_1538",160,0,0,"GTCGCTACTACCGATTGAATGGTTTAGTGAGGTCTCGGGACTGGCGCTTGCAGCTGTCAAAGGCCGCGAGCATCGGGAACTTGCTCAAACTTGATCATTTAGAGGAAGTAAAAGTCGTAACAAGGTTTCC","ASV_1538","Eukaryota","Obazoa","Opisthokonta","Choanoflagellata","Choanoflagellatea","Craspedida","Salpingoecidae_Group_C1","Salpingoeca_C1","Salpingoeca_fusiformis",100,97,97,76,76,72,53,52,51,1508,"ASV_1538","Low","81526","Eukaryota","","Choanoflagellata","Craspedida","Salpingoecidae","Monosiga","Monosiga ovata"
"ASV_1569",8,0,0,"GTCGCTCCTACCGATTGAGTGTTCCGGTGAATAATTCGGATTTCAAAGATGCATTTATGCATCGAAGAAAAAAGTCTCGTGAACCTTAACACTTAGAGGAAGGAGAAGTCGTAACAAGGTTTCC","ASV_1569","Eukaryota","TSAR","Alveolata",NA,NA,NA,NA,NA,NA,99,80,73,49,49,32,19,12,1,1538,"ASV_1569","Low","699229","Eukaryota","","Dinophyceae","Peridiniales","Podolampadaceae","Podolampas","Podolampas spinifera"
"ASV_1629",4,0,0,"GTCGCTACTACCGATTGGATGGTCCGGTGAGAATTTCGGATCGTGAGTTCTAGCCCTTTATTGGGCAAGGTCTCGTGAGAAGTTGTTCAAACCTTATTATCTAGAGGAAGTAAAAGTCGTAACAAGGTTTCC","ASV_1629","Eukaryota","TSAR","Stramenopiles","Bigyra","Opalozoa","Opalozoa_X","MAST-12","MAST-12C","MAST-12C_sp.",99,72,69,69,69,69,69,69,69,1598,"ASV_1629","Low","423246","Eukaryota","","","","","","Stramenopile sp. MAST-12 KKTS_E5"
"ASV_1679",68,0,0,"GTCGCTACTACCGATTGAATGGCTTAGTGAGGCCTCTGGAGCTGGGGTCCCGAGAAATTGGGACTCTGGCAAAACTGGTCAAACTTGGTCATTTAGAGGAAGTAAAAGTCGTAACAAGGTTTCC","ASV_1679","Eukaryota","Obazoa","Opisthokonta","Fungi","Ascomycota","Saccharomycotina",NA,NA,NA,100,97,97,80,66,52,41,19,8,1645,"ASV_1679","Low","1709941","Eukaryota","","","","","","fungal sp."
"ASV_1711",239,0,0,"GTCGCTCCTACCGATTGAGTGATCCGGTGAATGACTCGGACTGTGCGATTCCAGCAATGGATCAGTGCGGGAAGTTTCGTGAACCTTATCACTTAGAGGAAGGATAAGTCGTAACAAGGTTTCC","ASV_1711","Eukaryota","TSAR","Alveolata",NA,NA,NA,NA,NA,NA,100,85,80,46,45,29,13,13,9,1677,"ASV_1711","Low","935693","Eukaryota","","Dinophyceae","Blastodiniales","","Blastodinium","Blastodinium spinulosum"
"ASV_1848",217,0,0,"GTCGCTACTACCGATTGAATGGTTTAGTGAGGTCTCGGGACCGGAGCTGCCAGCCTTAACGGGCCAGCGGCACTGGGAACTTGCCCAAACTTGATCATTTAGAGGAAGTAAAAGTCGTAACAAGGTTTCC","ASV_1848","Eukaryota","Obazoa","Opisthokonta",NA,NA,NA,NA,NA,NA,99,93,93,30,30,20,17,4,3,1810,"ASV_1848","Low","81528","Eukaryota","","Choanoflagellata","Craspedida","Salpingoecidae","Desmarella","Desmarella moniliformis"
"ASV_1883",472,0,0,"GTCGCTAGTACCGATTGAATGGCTTAGTGAGACCCTCGGATTAGCGGTTCTAAGGTGGCAACACCTTTAAACTGCCGAGAAGTTGGTCAAACTTGGTCATTTAGAGGAACTAAAAGTCGTAACAAGGTAACC","ASV_1883","Eukaryota","Obazoa","Opisthokonta","Fungi","Chytridiomycota","Rhizophydiales","Rhizophydiaceae","Rhizophydium","Rhizophydium_patellarium",100,100,100,100,97,94,92,92,90,1843,"ASV_1883","Low","2040705","Eukaryota","Chytridiomycota","Chytridiomycetes","Rhizophydiales","Alphamycetaceae","Betamyces","Betamyces sp."
"ASV_2170",259,0,0,"GTCGCTCCTACCGATTTCGAGTGATCCGGTGAACCTTCTGGACTGCTTTGTTCTTTAAGGCCAGAGCGGGAAGTTAAGTAAACCTTATCACTTAGAGGAAGGAGAAGTCGTAACAAGGTTTCC","ASV_2170","Eukaryota","TSAR","Alveolata","Ciliophora","Prostomatea_1","Prostomatea_1_X","Colepidae","Coleps","Coleps_nolandi",100,100,100,100,95,95,95,93,88,2118,"ASV_2170","High","394500","Eukaryota","Ciliophora","Prostomatea","Prorodontida","Colepidae","Nolandia","Nolandia nolandi"
"ASV_2539",141,0,0,"GTCGCTCCTACCGATTGGATGTTCCGGTGAAATCTTGGGATTGCGATGACTTAGCTTCACGGCCAGGTTGTTGCGAGAACTTGCTTAAACCTTAACATCTAGAGGAAGGAGAAGTCGTAACAAGGTTTCC","ASV_2539","Eukaryota",NA,NA,NA,NA,NA,NA,NA,NA,99,37,37,37,37,37,37,37,37,2479,"ASV_2539","Low","238746","Eukaryota","","","Rigifilida","","Micronuclearia","Micronuclearia podoventralis"
"ASV_2599",447,0,0,"GTCGCTACTACCGATTGAACGTTTTAGTGAGGTATTTGGACTGGGCCTCTGGTGGTTAACGCCTCCAGTGTTGCCCGGGAAGACTCCCAAACTTGAGCGTTTAGAGGAAGTAAAAGTCGTAACAAGGTTACT","ASV_2599","Eukaryota","Obazoa","Opisthokonta","Metazoa","Arthropoda","Crustacea","Maxillopoda","Eucyclops","Eucyclops_serrulatus",100,100,100,100,100,100,100,100,97,2535,"ASV_2599","High-MH","None","Eukaryota","Arthropoda","Hexanauplia","Cyclopoida","Cyclopidae","Eucyclops",NA
"ASV_3065",155,0,0,"GTCGCACCTACCGATTGAATGGTTCGGTGAAAATTTCGGACTGTGATTTGGTTGCTTTCGGGCAGCTGAGTTGTGGAAAGTTGTTTAAACCTCATCATTTAGAGGAAGGTGAAGTCGTAACAAGGTTTCC","ASV_3065","Eukaryota","TSAR","Stramenopiles","Gyrista","Chrysophyceae","Paraphysomonadales","Paraphysomonadaceae","Paraphysomonas","Paraphysomonas_uniformis",100,100,100,100,94,88,88,88,57,2986,"ASV_3065","Low","1276075","Eukaryota","","Chrysophyceae","Chromulinales","Paraphysomonadaceae","Paraphysomonas","Paraphysomonas uniformis"
"ASV_3192",56,0,0,"GTCAAGCCACGAAAGGGGGGAGCGTCCGAAGTCACTGAGTGAACCGCAAGGACACAGGTGCCGAAGACGAGCTCCCTGATTGGGACTAAGTCGTAACAAGGTAGCC","ASV_3192","Bacteria","PVC","Planctomycetes","Planctomycetes_X","Planctomycetacia",NA,NA,NA,NA,61,54,53,53,53,22,22,20,20,3109,"ASV_3192","Low","1696961","Bacteria","Planctomycetota","Planctomycetia","Planctomycetales","Planctomycetaceae","Planctomyces","Planctomyces sp. enrichment culture"
"ASV_3339",752,0,0,"GTCGCTTTTACCGATTGAGTGTTCAGGTGAGTCTTCTTGATAGTTGCAAAGCTAAAAATTAAACAAACCTTAGCACTTAGAGGAAAAAGAAGTCGTAACAAGGTTTCC","ASV_3339","Eukaryota","TSAR","Alveolata","Ciliophora","Oligohymenophorea","Peritrichia_2","Sessilida","Vorticella",NA,100,100,100,100,100,100,100,71,26,3251,"ASV_3339","High-MH","None","Eukaryota","Ciliophora","Oligohymenophorea",NA,NA,NA,NA
"ASV_3370",122,0,0,"GTCGCACCTACCGATTGAATGATTCGGTGAAAATTCGGGACTGACGCCGAGACACCCTCGGGTGACTTGGTGTTGGGAACCTATTTAAACCTCATCATTTAGAGGAAGGTGAAGTCGTAACAAGGTTTCC","ASV_3370","Eukaryota","TSAR","Stramenopiles","Gyrista",NA,NA,NA,NA,NA,99,91,91,91,17,17,17,17,1,3281,"ASV_3370","Low","590968","Eukaryota","","Chrysophyceae","Hibberdiales","Hibberdiaceae","Chromophyton","Chromophyton vischeri"
"ASV_3435",97,0,0,"GTCACGCCATGGGAGTTGATTTTACCTGAAGCAGGTGAGCTAACCGCAAGGAGGCAGCCTACCACGGTAATGTCGATGACTGGGGTGAAGTCGTAACAAGGTAGCA","ASV_3435","Bacteria","PANNAM","Proteobacteria","Proteobacteria_X",NA,NA,NA,NA,NA,72,51,51,51,32,12,12,12,12,3344,"ASV_3435","Low","2213196","Bacteria","Pseudomonadota","Alphaproteobacteria","Rickettsiales","Candidatus Midichloriaceae","Midichloria","Candidatus Midichloria sp."
"ASV_3472",49,0,0,"GTCGCTACTACCGATTGAATGGCTCAGTGAGGCCTTGGGACTGGCTCAGAGAGGTCGGCAACGACCACTCAGAGCCGGAAACTTGGTCAAACTTGGTCATTTAGAGGAAGTAAAAGTCGTAACAAGGTTTCC","ASV_3472","Eukaryota","Obazoa","Opisthokonta","Fungi","Ascomycota","Pezizomycotina","Eurotiomycetes",NA,NA,100,100,100,100,100,100,88,4,4,3378,"ASV_3472","High-MH","None","Eukaryota",NA,NA,NA,NA,NA,NA
"ASV_3646",105,0,0,"GTCGCTACTACCGATTGAATGGTTTAGCAAGGTACTCAGATTGGTCTCGATCTTGCACGCAAGTGTGAGATCGACGGTCGAGAAGAAGGCCAAACTTGATCATTTAGAGGAAGTAAAAGTCGTAACAAGGTTTCC","ASV_3646","Eukaryota","Obazoa","Opisthokonta","Metazoa","Platyhelminthes","Turbellaria","Catenulida","Stenostomum","Stenostomum_leucops",100,100,100,100,100,100,100,100,91,3543,"ASV_3646","High-MH","None","Eukaryota","Platyhelminthes","Catenulida","",NA,NA,NA
"ASV_3799",334,0,0,"GTCGCTACTACCGATTGAATGGTTTAGTGAGATCTTCGGATTGGTCCGGAAGTGGCCGCAAGGTTACCTCTAGGTTCTGAGAAGATGATCAAACTTGATCATTTAGAGGAAGTAAAAGTCGTAACAAGGTTTCC","ASV_3799","Eukaryota","Obazoa","Opisthokonta","Metazoa","Rotifera","Rotifera_X","Rotifera_XX",NA,NA,100,100,100,100,100,100,100,47,41,3688,"ASV_3799","High-MH","None","Eukaryota","Rotifera","Eurotatoria","Ploima",NA,NA,NA
"ASV_3973",50,0,0,"GTCACACCATGGGAGCTGACTCAACCAGAAGACGGCCAGACTAACCGCAAGGGGGTCTCCGGCGAAGGTGGGGTTGGTGACTGGGGTGAAGTCGTAACAAGGTAGCC","ASV_3973","Bacteria","PANNAM","Proteobacteria","Proteobacteria_X",NA,NA,NA,NA,NA,64,56,56,56,48,40,40,40,40,3855,"ASV_3973","None","None",NA,NA,NA,NA,NA,NA,NA
"ASV_3984",426,0,0,"GTCGCTATTACCGATTGGGTGTATAGGTGAACCTTCTCGATAGCCGCAAGGCTAGAAATTAAGTAAACCTTTGCACCTAGAGGAAATAAAAGTCGTAACAAGGTTTCC","ASV_3984","Eukaryota","TSAR","Alveolata","Ciliophora","Oligohymenophorea","Peritrichia_2","Sessilida","Telotrochidium","Telotrochidium_matiense",100,100,100,100,100,100,100,99,99,3863,"ASV_3984","High-MH","None","Eukaryota","Ciliophora","Oligohymenophorea","Sessilida",NA,NA,NA
"ASV_4141",133,0,0,"GTCAAGCCACGAAAGAGGGGAGTGCCCGAAGCCGCGCAAGCGTCGAAGGCAAAACCCTTGATTGGGACTAAGTCGTAACAAGGTAACC","ASV_4141",NA,NA,NA,NA,NA,NA,NA,NA,NA,40,15,15,15,14,11,10,10,10,4011,"ASV_4141","Low","1123043","Bacteria","Planctomycetota","Planctomycetia","Gemmatales","Gemmataceae","Telmatocola","Telmatocola sphagniphila"
"ASV_4212",16,0,0,"GTCACACCATGGGAGTTGGTTTCACCCGAAGGCAGTGCGCTAACCGCAAGGAGGCAGCTGACCACGGTGGGATCAGCGACTGGGGTGAAGTCGTAACAAGGTAGCC","ASV_4212","Bacteria","PANNAM","Proteobacteria","Proteobacteria_X","Alphaproteobacteria","Sphingomonadales","Sphingomonadaceae",NA,NA,94,93,93,93,92,73,73,25,25,4076,"ASV_4212","High-MH","None","Bacteria",NA,NA,NA,NA,NA,NA
"ASV_4223",11,0,0,"GTCACACCACGAAAGTTGCCTTCACCAGAAGTCATATTTCTAACCGTAAGGAAGAGTATGCCCAAGGTGAGGTCGATGATTGGGGTGAAGTCGTAACAAGGTAGCC","ASV_4223",NA,NA,NA,NA,NA,NA,NA,NA,NA,34,26,21,21,15,11,9,7,7,4087,"ASV_4223","Low","1916293","Bacteria","Bdellovibrionota","Bdellovibrionia","Bdellovibrionales","Pseudobdellovibrionaceae","Bdellovibrio","Bdellovibrio sp. qaytius"
"ASV_4754",15,0,0,"ATCACATTCGGAGAATTAAATTCAAAGTAATTATGTATACTTATAAAATAAGATTCAATCTTTGTAATATACGTATTAATACTTAAGTTTCATAACGCCGGGGATTTGGTAATCTGAGTTAAGTTGACACAAGGTACCT","ASV_4754","Eukaryota",NA,NA,NA,NA,NA,NA,NA,NA,71,30,27,25,8,8,7,4,4,NA,NA,NA,NA,NA,NA,NA,NA,NA,NA,NA
"ASV_4992",7,0,0,"AATTCCGAACGCGGAACAGGAACGGTTACATTCATTTCAACGGCCATATACGACCGCATCGTATCGTTGACAACCCCAGAAGTGTCA","ASV_4992","Eukaryota","Obazoa","Opisthokonta","Metazoa",NA,NA,NA,NA,NA,98,76,76,69,48,15,13,5,5,NA,NA,NA,NA,NA,NA,NA,NA,NA,NA,NA
"ASV_5089",32,0,0,"GTCGCTCCTACCGATTGGATGCTCCGGTAAGATTTCCGGACTGCACGCAATGGCTTTCGGGCCGCTGCGAGTGGGAAGTTACTCAAACCTTAGCATCTAGAGGAAGGAGAAGTCGTAACAAGGTTTCC","ASV_5089","Eukaryota","CRuMs","Rigifilida","Rigifilida_X","Rigifilida_XX","Rigifilida_XXX","Rigifilida_XXXX","Rigifila","Rigifila_ramosa",100,100,100,100,100,100,100,100,100,4906,"ASV_5089","Low","1122280","Eukaryota","","","Rigifilida","","Rigifila","Rigifila ramosa"
"ASV_5104",695,0,0,"GTCGCTCCTACCGATTGAATGTTCCGGTGAATCCTCCGGACCTAATTTCAGCAGTGGGGCAACTCATTGCTTGAAGTCTTGGAAAGTTGTGTAAACCTTAACATTTAGAGGAAGGAGAAGTCGTAACAAGGTTTCC","ASV_5104","Eukaryota","TSAR","Rhizaria","Cercozoa","Endomyxa","Vampyrellida","Leptophryidae",NA,NA,99,86,76,76,74,74,63,25,25,4920,"ASV_5104","Low","1367457","Eukaryota","Endomyxa","","Vampyrellida","Leptophryidae","","Leptophryidae sp. WaAra"
"ASV_5642",69,0,0,"CGCGTCAAAGAATGCCGAAGTGATCCGATCGCCCACCGCAGCGAAGGCCAACTCTATGAGCTCGCGCATGCGGTTTTCCCCACG","ASV_5642","Eukaryota",NA,NA,NA,NA,NA,NA,NA,NA,92,15,12,12,12,12,12,2,2,NA,NA,NA,NA,NA,NA,NA,NA,NA,NA,NA
"ASV_5664",136,0,0,"GTCGCTACTACCGATTGAATGGTTTAGTGAGAACTCGGGATTGCGGGCGCGGGGCTAGCAATAGCTTCCGAGCAGGTGAGAACTTGCTCAAACTTGATCATTTAGAGGAAGTAAAAGTCGTAACAAGGTTTCC","ASV_5664","Eukaryota","Obazoa","Opisthokonta","Metazoa",NA,NA,NA,NA,NA,98,93,93,72,16,16,16,5,5,5448,"ASV_5664","Low","314523","Eukaryota","Cnidaria","Hydrozoa","Leptothecata","Obeliidae","Laomedea","Laomedea calceolifera"
"ASV_6219",13,0,0,"GTCGCTCCTACCGATTGAGTGGTCCGGTGAATGACTCAGACTGCGCTCGACCAGCAATGGACATTTGCAGAAAGTTTCGTAAACCTTATCACTTAGAGGAAGGATAAGTCGTAACAAGGTTTCC","ASV_6219","Eukaryota","TSAR","Alveolata",NA,NA,NA,NA,NA,NA,99,73,73,40,24,22,22,16,16,5975,"ASV_6219","Low","5807","Eukaryota","Apicomplexa","Conoidasida","Eucoccidiorida","Cryptosporidiidae","Cryptosporidium","Cryptosporidium parvum"
"ASV_6977",213,0,0,"GTCGCTACTACCGATTGAATGGTTTAGTGAGGACTCGGGACTGGGCCAGCAAGGTGTAAAAGCCATGCTGATCCGGAAACTTGTTCAAACTTGATCATTTAGAGGAAGTAAAAGTCGTAACAAGGTTTCC","ASV_6977","Eukaryota","Obazoa","Opisthokonta","Metazoa",NA,NA,NA,NA,NA,99,95,95,69,21,21,15,3,3,6696,"ASV_6977","Low","81824","Eukaryota","","Choanoflagellata","Craspedida","Salpingoecidae","Monosiga","Monosiga brevicollis"
"ASV_7110",0,12,0,"GTCGCTACTACCGATTGAATGGCTCGGTGAGGCCTTCGGACTGGCGCAGGAGGGTTGGCAACGACCCCCCCGCGCCGGAAAGTTGGTCAAACCCGGTCATTTAGAGGAAGTAAAAGTCGTAACAAGGTTTCC","ASV_7110","Eukaryota","Obazoa","Opisthokonta","Fungi","Ascomycota","Pezizomycotina","Eurotiomycetes","Aspergillus",NA,100,100,100,100,100,100,100,85,49,6823,"ASV_7110","High-MH","None","Eukaryota","Ascomycota","Eurotiomycetes","Eurotiales",NA,NA,NA
"ASV_7687",1149,0,0,"GTCGCTCCTACCGATTCGAGTGTTTCGGCGAATTCTTCGGATACTGCTCGAAAGAGTGGTAAAAGTCGTGTAAGTCATAACACTTAGAGGAAGGGTAAGGCGTAACAAGGTTTCC","ASV_7687","Eukaryota",NA,NA,NA,NA,NA,NA,NA,NA,99,46,43,37,27,21,18,18,12,7370,"ASV_7687","None","None",NA,NA,NA,NA,NA,NA,NA
"ASV_7717",114,0,0,"GTCGCTCCTACCAATGGAATAGAAAGATGAAAGAGAAGGACCAGCTTTCGGGTTGGGAAATTAATTGAATCTTTTTGTTTGTAGGAAGGAGAAGTCGTAACAAGGTTTTC","ASV_7717","Eukaryota",NA,NA,NA,NA,NA,NA,NA,NA,96,40,27,26,26,15,15,15,15,7399,"ASV_7717","Low","1874883","Eukaryota","Heterolobosea","","","Acrasidae","Allovahlkampfia","Allovahlkampfia sp."
"ASV_8331",0,23,0,"GTCGCTACTACCGATTGAATGGCTCAGTGAGGCCTTCGGACTGGCTCGAGGAGGTTGGCAACGACCACCTCAAGCCGGAAAGTTCGTCAAACTCGGTCATTTAGAGGAAGTAAAAGTCGTAACAAGGTCTCC","ASV_8331","Eukaryota","Obazoa","Opisthokonta","Fungi","Ascomycota","Pezizomycotina","Dothideomycetes",NA,NA,100,100,100,100,100,100,100,25,25,7975,"ASV_8331","High-MH","None","Eukaryota",NA,NA,NA,NA,NA,NA
"ASV_8390",14,0,0,"AATTCCGAACGAGGAACAGGAACGGTTACATTCATTTCAACGGCCATATACGACCGCATCGTATCGTTGACCACCCCAGAAGTGTCA","ASV_8390","Eukaryota","Obazoa","Opisthokonta","Metazoa",NA,NA,NA,NA,NA,93,64,64,60,46,17,16,4,4,NA,NA,NA,NA,NA,NA,NA,NA,NA,NA,NA
"ASV_9866",0,26,0,"GTCGCTACTACCGATTGAATGGCTTAGTGAGGCCTTGGGACTGGCTCAGGGAGGTCGGCAACGACCACCCAGAGCCGGAAACTTGGTCAAACTTGGTCATTTAGAGGAAGTAAAAGTCGTAACAAGGTTTCC","ASV_9866","Eukaryota","Obazoa","Opisthokonta","Fungi","Ascomycota","Pezizomycotina","Eurotiomycetes",NA,NA,100,100,100,100,98,97,56,18,13,9412,"ASV_9866","Low","1033842","Eukaryota","Ascomycota","Eurotiomycetes","Chaetothyriales","Herpotrichiellaceae","Exophiala","Exophiala halophila"
"ASV_11021",762,0,0,"GTCACATCATGGAAGTTAATTCATTTTAAAGCCGTTTATTTGTTTTTTTTTATTTTAAAAAAATAATTTATTGATAAAATTATTTATTAAATTTAATTAATTATATTTAAATTACTAAGAAGGGTTTAGTAACTGTGATGAAGTCGTAACAAGGTAGTC","ASV_11021","Eukaryota",NA,NA,NA,NA,NA,NA,NA,NA,89,27,27,26,24,24,24,20,18,17603,"ASV_11021","High","4770","Eukaryota","Oomycota","","Saprolegniales","Saprolegniaceae","Saprolegnia","Saprolegnia ferax"
"ASV_11095",58,0,0,"GTCACACCATGGGAGTTGGTTCTACCCGAAGGCGATGCGCTAACCGCAAGGAGGCAGTCGACCACGGTAGGGTCAGCGACTGGGGTGAAGTCGTAACAAGGTAGCC","ASV_11095","Bacteria","PANNAM","Proteobacteria","Proteobacteria_X","Alphaproteobacteria",NA,NA,NA,NA,100,100,100,100,100,31,27,19,19,17674,"ASV_11095","High-MH","None","Bacteria",NA,NA,NA,NA,NA,NA
"ASV_11585",45,0,0,"GTCAAGCCACGAAAGAGTAGAGCGCCCGAAGCCATCTTTACCGATGTCGAAGGCGATATACTTGATTGGGACTAAGTCGTAACAAGGTAACC","ASV_11585",NA,NA,NA,NA,NA,NA,NA,NA,NA,26,16,16,16,16,7,7,4,4,21529,"ASV_11585","Low","214688","Bacteria","Planctomycetota","Planctomycetia","Gemmatales","Gemmataceae","Gemmata","Gemmata obscuriglobus"
"ASV_11804",35,0,0,"GTCACATCATGGAAGCTGGTTTCGCCCGAAGTGCGCACGCCAACCGCAAGGAGGCAGCGCCCTAAGGCAAGACTGGTGACTGGGATGAAGTCGTAACAAGGTAGCC","ASV_11804","Bacteria","PVC","Verrucomicrobia","Verrucomicrobia_X","Verrucomicrobiae","Verrucomicrobiales","Verrucomicrobiaceae","Verrucomicrobiaceae_X","Verrucomicrobiaceae_X_sp.",98,97,97,97,97,96,96,96,96,23396,"ASV_11804","Low","48466","Bacteria","Verrucomicrobiota","Verrucomicrobiae","Verrucomicrobiales","Verrucomicrobiaceae","Prosthecobacter","Prosthecobacter vanneervenii"
"ASV_12219",340,0,0,"GTCGCTACTACCGATTGGATGGTCCGGTGAGAATTTCGGATCGTGACTCTTCGCCCTTCACTGGGCAAGGAGTTGTGAGAAGTTATTCAAACCTTATTATCTAGAGGAAGTAAAAGTCGTAACAAGGTTTCC","ASV_12219","Eukaryota","TSAR","Stramenopiles","Bigyra","Opalozoa","Opalozoa_X","MAST-12","MAST-12C","MAST-12C_sp.",100,85,84,84,84,84,84,84,84,26600,"ASV_12219","Low","423245","Eukaryota","","","","","","Stramenopile sp. MAST-12 KKTS_D3"
"ASV_12231",0,0,6,"GTCACACCATGGGAGTTGGATTCACCCGAAGGCGTTGCGCTAACTCGTAAGAGAGGCAGGCGACCACGGTGGGTTTAGCGACTGGGGTGAAGTCGTAACAAGGTAGCC","ASV_12231","Bacteria","PANNAM","Proteobacteria","Proteobacteria_X","Alphaproteobacteria","Sphingomonadales","Sphingomonadaceae","Sphingomonas","Sphingomonas_sp.",94,94,94,94,94,91,91,52,52,26612,"ASV_12231","High-MH","None","Can't find taxa in database","Can't find taxa in database","Can't find taxa in database","Can't find taxa in database","Can't find taxa in database","Can't find taxa in database","Can't find taxa in database"
"ASV_13252",528,0,0,"ATCACGTCCGAAGAATTGAGGGGCATGAAGGCACAAGATTGAACGAAGTTTTTAAATTATTTTAAAAAACTCGAGCATCTTAAGCTAATTGTTCTTTAGTAATTTGGATGAAGTTGAAACAAGGTAATG","ASV_13252",NA,NA,NA,NA,NA,NA,NA,NA,NA,23,20,19,19,19,18,18,18,18,33522,"ASV_13252","None","None",NA,NA,NA,NA,NA,NA,NA
"ASV_13997",111,0,0,"GTCAAGCCACGAAAGAGAGGGACGTCCGAAGTCGCTTCACGGCGCCGAAGACGGACTTCTTGATTGGGACTAAGTCGTAACAAGGTAACC","ASV_13997",NA,NA,NA,NA,NA,NA,NA,NA,NA,26,20,19,19,19,13,13,11,11,38144,"ASV_13997","Low","2052164","Bacteria","Planctomycetota","Planctomycetia","Gemmatales","Gemmataceae","","Gemmataceae bacterium"
"ASV_14012",52,0,0,"GTCACACCATGGGAGTTATTTGCTCCAGAAGCACCTGTGCTAACCGCAAGGAGGCAGGGTTCCAAGGAGTGAATGGTAACTGGGGTGAAGTCGTAACAAGGTAGCC","ASV_14012","Bacteria","PANNAM","Proteobacteria","Proteobacteria_X",NA,NA,NA,NA,NA,55,52,52,52,35,35,17,14,14,38689,"ASV_14012","Low","1391654","Bacteria","Myxococcota","","Polyangiales","Labilitrichaceae","Labilithrix","Labilithrix luteola"
"ASV_14462",119,0,0,"GTCACACCATGGGAGTTTGTTGCACCAGAAGTAGCTAGCCTAACTGCAAAGAGGGCGGTTACCACGGTGTGGCCGATGACTGGGGTGAAGTCGTAACAAGGTAGCC","ASV_14462","Bacteria","PANNAM","Proteobacteria","Proteobacteria_X","Gammaproteobacteria","Pseudomonadales","Moraxellaceae","Acinetobacter","Acinetobacter_sp.",94,94,94,94,94,87,87,87,87,41096,"ASV_14462","High-MH","None","Bacteria","Pseudomonadota","Gammaproteobacteria",NA,NA,NA,NA
"ASV_15041",25,0,0,"GTCACACCATGGGAGTTGTTTTCATTTTAAGACGTGACTCTAACCGCAAGGAGGAGAGCGTCTACAGTGGGAGCGATGACTGGGGTGAAGTCGTAACAAGGTAGCC","ASV_15041","Bacteria","PANNAM","Proteobacteria","Proteobacteria_X","Deltaproteobacteria","Bdellovibrionales","Bacteriovoracaceae","Peredibacter","Peredibacter_sp.",99,99,99,99,98,98,98,98,98,43641,"ASV_15041","High","28202","Bacteria","Bdellovibrionota","Bacteriovoracia","Bacteriovoracales","Bacteriovoracaceae","Peredibacter","Peredibacter starrii"
"ASV_15172",153,0,0,"GTCAAGCCACGAAAGGAAGGGGCGCCCAAAGCCGCGTCAGCGTCAAAGGCGAAACTTCTGATTGGGACTAAGTCGTAACAAGGTAACC","ASV_15172",NA,NA,NA,NA,NA,NA,NA,NA,NA,22,16,15,15,15,4,4,3,3,44212,"ASV_15172","Low","692036","Bacteria","Planctomycetota","Planctomycetia","Gemmatales","Gemmataceae","Tuwongella","Tuwongella immobilis"
"ASV_15175",461,0,0,"GTCACACCATGGGAGTTTGTTGCACCAGAAGTAGTTAGCCTAACCGCAAGGAGGGCGATTACCACGGTGTGGCCAATGACTGGGGTGAAGTCGTAACAAGGTAGCA","ASV_15175","Bacteria","PANNAM","Proteobacteria","Proteobacteria_X","Gammaproteobacteria",NA,NA,NA,NA,92,91,91,91,91,38,37,22,22,44215,"ASV_15175","Low","1930857","Bacteria","Pseudomonadota","Gammaproteobacteria","Moraxellales","Moraxellaceae","Cavicella","Cavicella sp."
"ASV_16079",47,0,0,"GTCACACCACGAAAGTGGTCATAACCAGAAGCAGGTGCGCCAACCGTAAGGAGGTAGCCTACCAAGGTTGTGGCCGTGATTGGGGTGAAGTCGTAACAAGGTAGCC","ASV_16079",NA,NA,NA,NA,NA,NA,NA,NA,NA,44,36,27,27,13,9,9,9,9,47405,"ASV_16079","Low","1869227","Bacteria","","","","","","bacterium"
"ASV_16174",394,0,0,"GTCGCTTGTAGTAACGAATGGTCTGGTGAACCTTCTGGACTGCTTAGAAATGAGCGGAAAAATAAGTAAACCCTACCATTTGGAACAACAAGAAGTCGTAACAAGGTATCT","ASV_16174","Eukaryota","TSAR","Alveolata","Ciliophora","Oligohymenophorea","Hymenostomatia",NA,NA,NA,100,100,100,100,100,100,37,36,36,47494,"ASV_16174","Low","745982","Eukaryota","Ciliophora","Oligohymenophorea","Hymenostomatida","Tetrahymenidae","Tetrahymena","Tetrahymena sp. DLTH125-07"
"ASV_16264",190,0,0,"GTCAAGCCACGAAAGTTGGGGGGGCCCGAAGTCGCGATGCTAACCGCAAGGGAGCTAGTGCCGAAGGTCAACTCGATGATTGGGACTAAGTCGTAACAAGGTAGCC","ASV_16264","Bacteria","PVC","Planctomycetes","Planctomycetes_X","Planctomycetacia","Pirellulales","Pirellulaceae",NA,NA,75,62,60,60,60,57,57,44,44,47577,"ASV_16264","Low","1165170","Bacteria","","","","","","bacterium SH1-10"
"ASV_17121",381,0,0,"GTCGCTCCTACCGATTGAACGATCCGGTGAAGTATTGAGAGAGTTGGAGGGCTTGCTCTCCCTATTCAAACTTTACTAAACCATATTGTTTAGAGGAAGGAGAAGTCGTAACAAGGTCTCC","ASV_17121","Eukaryota",NA,NA,NA,NA,NA,NA,NA,NA,98,38,10,10,9,8,8,8,8,48364,"ASV_17121","Low","3708","Eukaryota","Streptophyta","Magnoliopsida","Brassicales","Brassicaceae","Brassica","Brassica napus"
"ASV_17217",308,0,0,"GTCACGCCATGAAAGCTGTCTGTACCCGAAATCATTTTAGCTAACTCGCAAGAGAGGCGGATGCTGAAGGTATGGAGAGTGATTGGGGCGAAGTCGTAACAAGGTAGCT","ASV_17217",NA,NA,NA,NA,NA,NA,NA,NA,NA,20,9,9,9,9,9,9,9,9,48447,"ASV_17217","Low","673862","Bacteria","","Candidatus Babeliae","Candidatus Babeliales","Candidatus Babeliaceae","Babela","Candidatus Babela massiliensis"
"ASV_17486",369,0,0,"GTCACGCCACGAAAATCGTCTGTACCCGATGTCACTTTAGCTAACTTAATTTAGGCGAGTGCCTAAGGTATGGGGGGTAATTGGGGTGAAGTCGTAACAAGGTAGCT","ASV_17486",NA,NA,NA,NA,NA,NA,NA,NA,NA,23,15,10,10,8,5,2,2,2,48695,"ASV_17486","None","None",NA,NA,NA,NA,NA,NA,NA
"ASV_17647",364,0,0,"GTCATGCCATGGAAATTGGTTTTATGTGAAGTTAATTTATATTTATAAAGGTCTTTTTATAAGAATAAATTAAACAATGGGTTTTTATAAAAATTTTTATAATATGTTAACTAGTGTAAAATTAAGGACTGGGGTAAAGTCGTAACAAGGTAGTC","ASV_17647",NA,NA,NA,NA,NA,NA,NA,NA,NA,13,13,13,13,13,13,13,13,13,48842,"ASV_17647","None","None",NA,NA,NA,NA,NA,NA,NA
"ASV_17713",362,0,0,"GTCACACCACGAAAGTTGTCTGTACCAGAAAGCGCTTTAGTCAACCGTTAAAGGAGGCGAGCGTCAAAGGTATGGGGGATGATTGGGGTGAAGTCGTAACAAGGTAGCT","ASV_17713",NA,NA,NA,NA,NA,NA,NA,NA,NA,40,18,15,15,14,3,3,2,2,48902,"ASV_17713","Low","1619078","Bacteria","","","","","","candidate division TM6 bacterium GW2011_GWF2_30_66"
"ASV_18601",335,0,0,"GTCGCTCCTACCGATTGAGTGATCCGGTGAATGATTCGGACTGCGGTTTATCAGTAATGGTATTTCGCGGGAAGTTTCGTAAACCTTATCACTTAGAGGAATGATAAGTCTTAACAAGGTTTCC","ASV_18601","Eukaryota","TSAR","Alveolata",NA,NA,NA,NA,NA,NA,99,90,86,46,45,28,8,8,3,49706,"ASV_18601","Low","151742","Eukaryota","","","","","","Uncultured marine alveolate Group I DH147-EKD18"
"ASV_18969",325,0,0,"GTCGCTACTACCGATTGAATGGCTTAGTGAGGCCTTCGGATTGAGGTTTGATGGCCGAAAGGCTGCCTTGCTTTGAAAAGTTGGTCAAACTTGGTCATTTAGAGGAAGTAAAAGTCGTAACAAGGTTTCC","ASV_18969","Eukaryota","Obazoa","Opisthokonta","Fungi",NA,NA,NA,NA,NA,100,99,99,82,43,36,20,17,2,50044,"ASV_18969","Low","2316431","Eukaryota","Microsporidia","","","","","Microsporidia sp. clade II"
"ASV_19546",305,0,0,"GTCGCTCCTACCGATTTCGAGTGGTCCGGTGAGCCTTTTGGACCAGGGGGAAACTTCTGTAAATTAAGCAAACCTTATCACTTAGAGGAAGGAGAAGTCGTAACAAGGTTTCC","ASV_19546","Eukaryota","TSAR","Alveolata","Ciliophora",NA,NA,NA,NA,NA,100,84,81,76,47,40,35,35,33,50566,"ASV_19546","Low","1230018","Eukaryota","Ciliophora","Spirotrichea","Euplotida","Aspidiscidae","Aspidisca","Aspidisca fusca"
"ASV_20215",294,0,0,"GTCGCTACTACCGATTGAATGCTTTAATGAGTGTCATGGACGATGGCTCCTGGGAGCAATCCTGGTTGTTATTGAAAGGAAGCAAATTTGAGCATTTAGAGGAAGTAAAAGTCGTAACAAGGTTTCA","ASV_20215","Eukaryota","TSAR","Rhizaria","Cercozoa","Filosa-Thecofilosea","Filosa-Thecofilosea_X","Chlamydophryidae","Lecythium","Lecythium_hyalinum",100,94,94,94,93,92,92,88,66,51171,"ASV_20215","Low","2004639","Eukaryota","Cercozoa","Thecofilosea","Tectofilosida","Chlamydophryidae","Lecythium","Lecythium hyalinum"
"ASV_21186",272,0,0,"GTCGCTCCTACCGATACCGGGTGATCCGGTGAACCTTTTGGACCGTAACCGGAAATAAACGTAAACCATATCACCTAGAGGAAGGAGAAGTCGTAACAAGGTTTCC","ASV_21186","Eukaryota","TSAR","Alveolata","Ciliophora","Litostomatea","Haptoria_6","Lacrymariidae",NA,NA,100,100,100,100,99,91,91,47,47,52065,"ASV_21186","Low","2023682","Eukaryota","Ciliophora","Litostomatea","Haptorida","Lacrymariidae","Phialina","Phialina vertens"
"ASV_21190",259,0,0,"GTCACGCCGCGGAAGCTGATTCTTATTTAAGATTGTTAAAAGCGGTTTAAGGTAGATATATATTTTCTTGACTGCTTGACAATCCAGATAGGTTTTAACAACTGAGGTGAAGTCGTAACAAGGTAGTT","ASV_21190",NA,NA,NA,NA,NA,NA,NA,NA,NA,19,17,17,17,15,15,15,15,15,52069,"ASV_21190","None","None",NA,NA,NA,NA,NA,NA,NA
"ASV_21241",25,0,0,"ATCACACTCGAAAAATCAATTTAATAATAAAATCTATAGCAATTACTCTTGTTTATGTTATATTTTTTAAATTAGTGATTTGAGTGAAGTTGACACAAGGTACTG","ASV_21241",NA,NA,NA,NA,NA,NA,NA,NA,NA,48,24,24,12,12,11,11,11,11,52115,"ASV_21241","None","None",NA,NA,NA,NA,NA,NA,NA
"ASV_21420",166,0,0,"GTCACACCATGGGAGTGGGGGATACCAGAAGTAGCTAGGATAACCGCAAGGGGTCCGGTTACCACGGTATGTTTCATGACTAGGGTGAAGTCGTAACAAGGTAGCA","ASV_21420","Bacteria","PANNAM","Proteobacteria","Proteobacteria_X","Gammaproteobacteria","Betaproteobacteriales",NA,NA,NA,80,79,78,78,77,50,45,31,31,52277,"ASV_21420","Low","2593688","Bacteria","Pseudomonadota","Betaproteobacteria","Neisseriales","Neisseriaceae","Aquella","Aquella sp."
"ASV_21667",248,0,0,"GTCGCTACTACCGATTGAATGGCTTAGTGAGCCCTTGGGAGTGGTCTAATTGAGCTGGTAACGGCACAATTGGACTGTAAACTTGGGCAAACTTGGTCATTTAGAGGAAGTAAAAGTCGTAACAAGGTTTCC","ASV_21667","Eukaryota","Obazoa","Opisthokonta","Fungi","Basidiomycota",NA,NA,NA,NA,100,97,97,87,59,45,45,45,36,52495,"ASV_21667","Low","1299270","Eukaryota","Basidiomycota","Wallemiomycetes","Wallemiales","Wallemiaceae","Wallemia","Wallemia ichthyophaga"
"ASV_23368",0,3,0,"GTCACACCATGGGAGTTGGTTTTACCTGAAGACGGTGCGCTAACCCGCAAGGGAGGCAGCCGGCCACGGTAGGGTCAGCGACTGGGGTGAAGTCGTAACAAGGTAGCC","ASV_23368","Bacteria","PANNAM","Proteobacteria","Proteobacteria_X","Alphaproteobacteria","Rhizobiales","Xanthobacteraceae",NA,NA,98,98,98,98,98,91,53,31,31,54038,"ASV_23368","High-MH","None","Bacteria","Pseudomonadota","Alphaproteobacteria","Hyphomicrobiales",NA,NA,NA
"ASV_23664",222,0,0,"GTCGCTCCTACCGATTGGATTGTCCGGTGAGAACGAAGGACTTTGATTTTAGGTGAGCAATCATTTGAAGTTGAGGAAATTCGTTCAAATCTTACAATCTAGAGGAAGGAGAAGTCGTAACAAGGTCTCC","ASV_23664","Eukaryota","Amoebozoa","Tubulinea","Tubulinea_X","Echinamoebida","Echinamoebida_X","Echinamoebidae","Echinamoeba","Echinamoeba_silvestris",97,61,55,55,55,55,55,55,55,54303,"ASV_23664","Low","688093","Eukaryota","","","","","","Amoebozoa sp. Tmp4"
"ASV_23815",167,0,0,"GTCGCTACTACCGATTGAATGGTTTAGTGAGGTCTCGAGACTGATGGCTGTGGCACGCAAGTGCTGCGGTCGCTGGGAACTTGCTCAAACTTGATCATTTAGAGGAAGTAAAAGTCGTAACAAGGTTACC","ASV_23815","Eukaryota","Obazoa","Opisthokonta","Choanoflagellata","Choanoflagellatea","Craspedida","Salpingoecidae_Group_C1",NA,NA,100,99,99,57,57,56,52,26,26,54435,"ASV_23815","Low","334868","Eukaryota","","Choanoflagellata","Craspedida","Salpingoecidae","Salpingoeca","Salpingoeca amphoridium"
"ASV_24260",217,0,0,"GTCGCTACTACCGATTGAATGGTTTAGTGAGAACTCGGGATTGCGGGCGCGGGGCTAGCAATAGCTTCCGAGCCTGTGAGAACTTGCTCAAACTTGATCATTTAGAGGAAGTAAAAGTCGTAACAAGGTTTCC","ASV_24260","Eukaryota","Obazoa","Opisthokonta","Metazoa",NA,NA,NA,NA,NA,99,89,89,72,15,15,15,2,2,54831,"ASV_24260","Low","314523","Eukaryota","Cnidaria","Hydrozoa","Leptothecata","Obeliidae","Laomedea","Laomedea calceolifera"
"ASV_24391",215,0,0,"GTCGCACCTACCGATTGAATGGTCCGGTGAAGCCTCGGGATTGTGGCCAGTGCCTTTATTGGTGTTGGTTGCGAGAACTTGTCTAAACGTTATCATTTAGAGGAAGGTGAAGTCGTAACAAGGTTTCC","ASV_24391","Eukaryota","TSAR","Stramenopiles","Gyrista","Bacillariophyceae","Naviculales","Sellaphoraceae",NA,NA,100,100,100,99,95,83,59,41,23,54949,"ASV_24391","High-MH","None","Eukaryota","Bacillariophyta","Bacillariophyceae","Naviculales","Sellaphoraceae","Sellaphora",NA
"ASV_24558",213,0,0,"GTCGCTCCTACCGATTGAATGGTCCGGTGAAATCTTCGGATTGCTGGGTAGGTTTCGCAAGTTACCTATCTGCGAGAAGTTGCTTGAACCTTATCATTTAGAGGAAGGAGAAGTCGTAACAAGGTTTCC","ASV_24558","Eukaryota","Cryptista","Cryptophyta","Cryptophyta_X","Cryptophyceae","Cryptomonadales","Cryptomonadales_X","Plagioselmis","Plagioselmis_nannoplanctica",100,100,100,100,100,100,100,88,88,55102,"ASV_24558","High","575863","Eukaryota","","Cryptophyceae","Cryptomonadales","Cryptomonadaceae","Plagioselmis","Plagioselmis nannoplanctica"
"ASV_24580",120,0,0,"GTCGTTGCTACCGATGATGTGGTGACAGAAGGCAACAGAGGTTCCGCGTCTGCCGTTCTGGGCCACCCCCAAAGTGGTCCAACCTTCGCGTTGCCGAATTTGTCTGATGTTACCCTATTAGAGGAAGCAAAAGTCGTAACAAGGTAGCT","ASV_24580","Eukaryota","Excavata","Discoba","Euglenozoa","Euglenida",NA,NA,NA,NA,97,57,57,57,57,40,6,6,5,55122,"ASV_24580","None","None",NA,NA,NA,NA,NA,NA,NA
"ASV_25037",115,0,0,"GTCACACCATGGGAGTTGGTTTTACCTTAAGTGTCTAGGCTAACCGCAAGGGGGCCGGTCACCACGGTAGGGTCAGCGACTGGGGTGAAGTCGTAACAAGGTAGCC","ASV_25037","Bacteria","PANNAM","Proteobacteria","Proteobacteria_X","Alphaproteobacteria",NA,NA,NA,NA,86,84,84,84,79,26,25,23,23,55538,"ASV_25037","High-MH","None","Bacteria","Pseudomonadota","Alphaproteobacteria","Rhodospirillales","Acetobacteraceae",NA,NA
"ASV_25258",92,0,0,"GTCACACCATGGGAGTCAGTTGCTCTAGAAGTCGGTGCGCCAACCTCGTGAGGCAGCCGCCTAAAGAGTGACTGGTGACTGGGGTGAAGTCGTAACAAGGTAACC","ASV_25258","Bacteria","PANNAM","Proteobacteria","Proteobacteria_X","Deltaproteobacteria","Myxococcales","Haliangiaceae","Haliangium","Haliangium_sp.",94,94,94,94,94,94,94,94,94,55744,"ASV_25258","High","366541","Bacteria","Myxococcota","Myxococcia","Myxococcales","","","myxobacterium AT3-03"
"ASV_26297",146,0,0,"GTCGCTACTACCGATTGAATGGCTTAGTGAGGTCTTGGGATTGGCTTCGGGGAGCCGGCAACGGCACCCTGTTGCTGAGAACTTGATCAAACTTGGTCATTTAGAGGAAGTAAAAGTCGTAACAAGGTTTCC","ASV_26297","Eukaryota","Obazoa","Opisthokonta","Fungi","Basidiomycota","Agaricomycotina","Agaricomycetes",NA,NA,100,100,100,100,100,100,99,39,39,56662,"ASV_26297","High-MH","None","Eukaryota","Basidiomycota",NA,NA,NA,NA,NA
"ASV_26996",181,0,0,"GTCAAGCTAGTGGATTTGGATATGCCGTTAAGTTAGGTGATTTAAGTGGCTATGTCGTACTGCGAAGTGTTCTGAGCAGTGCTATGCTATGATTGTTGCCATACTAAGGTATGTTTGATGACGCAAGTTAAGTCGTAACATGGTAGCC","ASV_26996","Eukaryota",NA,NA,NA,NA,NA,NA,NA,NA,81,30,17,12,12,7,7,7,7,NA,NA,NA,NA,NA,NA,NA,NA,NA,NA,NA
"ASV_27603",173,0,0,"GTCGCTATTACCGATTGGGTGTATAGGTGAACCTTCTCGATAGTCGCAAGACTAGAAATTAAGTAAACATTTGCACCTAGAGGAAATAAAAGTCGTAACAAGGTTTCC","ASV_27603","Eukaryota","TSAR","Alveolata","Ciliophora","Oligohymenophorea","Peritrichia_2","Sessilida","Epistylis","Epistylis_plicatilis",100,98,98,97,97,97,96,53,52,57814,"ASV_27603","High-MH","None","Eukaryota","Ciliophora","Oligohymenophorea","Sessilida","Epistylidae","Epistylis",NA
"ASV_28334",7,0,0,"GTCACACCATGGGAGCGGGTTCCGCCAGAAGTAGGTAGCCTAACCGCAAGGAGGGCGCTTACCACGGCGGGGTTCGTGACTGGGGTGAAGTCGTAACAAGGTAGCC","ASV_28334","Bacteria","PANNAM","Proteobacteria","Proteobacteria_X","Gammaproteobacteria","Betaproteobacteriales","Rhodocyclaceae","Dechlorobacter","Dechlorobacter_sp.",98,98,98,98,98,98,70,51,51,58460,"ASV_28334","High-MH","None","Bacteria",NA,NA,NA,NA,NA,NA
"ASV_29873",47,0,0,"GTCGCTACTACCGATTGAATGGCTTAGTGAGCTCTCTGGACTGTTGCGTGTTGGGGCAACTCAACACGCAAATGGGAAGGAGATCAAACTTGATCATTTAGAGGAAGTAAAAGTCGTAACAAGGTTTCC","ASV_29873","Eukaryota","TSAR","Rhizaria","Cercozoa","Filosa-Thecofilosea","Cryomonadida","Rhogostoma-lineage","Rhogostoma","Rhogostoma_minus",100,100,100,100,100,100,99,96,96,59814,"ASV_29873","Low","981234","Eukaryota","Cercozoa","Thecofilosea","Cryomonadida","Rhogostomidae","Rhogostoma","Rhogostoma sp. CCAP 1966/4"
"ASV_30589",87,0,0,"GTCGCTACTACCGATTGAATGGTTTAGTGAGGTCTCGAGACTGACATCAAAAACTGTAAAAGGTTTTAAATGTTGGGAACTTGCTCAAACTTGATCATTTAGAGGAAGTAAAAGTCGTAACAAGGTTTCC","ASV_30589","Eukaryota","Obazoa","Opisthokonta","Choanoflagellata","Choanoflagellatea","Craspedida","Salpingoecidae_Group_C1","Salpingoecidae_Group_C1_X","Salpingoecidae_Group_C1_X_sp.",97,95,95,67,67,60,55,51,51,60439,"ASV_30589","Low","1536791","Eukaryota","","Choanoflagellata","Craspedida","Salpingoecidae","Salpingoeca","Salpingoeca fusiformis"
"ASV_32555",129,0,0,"GTCGCTTTTACCGATTGAGTGTTCAGGTGAGTCTTCTTGATAGTTGCAAAATTAAAAATTAAACAAACCTTAGCAATTAGAGGAAAAAGAAGTCGTAACAAGGTTTCC","ASV_32555","Eukaryota","TSAR","Alveolata","Ciliophora","Oligohymenophorea","Peritrichia_2","Sessilida",NA,NA,100,100,100,100,100,100,99,24,24,62138,"ASV_32555","High-MH","None","Eukaryota","Ciliophora","Oligohymenophorea","Sessilida",NA,NA,NA
"ASV_32881",127,0,0,"ATCACGCTCGGAGAGTCGTTAATAGTGGAAAAATCAAAAACAACGTGAAAATTTTTATTTTAAAAATTTTTATTAAATTTATTATTTAAAACGATTAGTTAGTAGATTTCAATCTATTAGTGGTAATTTGAGTGAAGTTGACACAAGGTACTG","ASV_32881",NA,NA,NA,NA,NA,NA,NA,NA,NA,39,14,14,14,14,14,14,13,13,62424,"ASV_32881","Low","2081900","Eukaryota","Ciliophora","Oligohymenophorea","Hymenostomatida","Tetrahymenidae","Tetrahymena","Tetrahymena glochidiophila"
"ASV_34115",118,0,0,"GTCGCTCCTACCGATTGGGTGTGCTGGTGAAGTGTTCGGATTGGGAATAGCGGTGGGCAACCATTGCTGTTCCTGAAAAGTTCATTAAACCCTCCCACCTAGAGGAAGGAGAAGTCGTAACAAGGTTTCC","ASV_34115","Eukaryota","Archaeplastida","Chlorophyta","Chlorophyta_X","Chlorophyceae",NA,NA,NA,NA,100,98,98,98,83,37,37,36,22,63521,"ASV_34115","Low","55994","Eukaryota","Chlorophyta","Chlorophyceae","Oedogoniales","Oedogoniaceae","Oedogonium","Oedogonium angustistomum"
"ASV_34850",113,0,0,"GTCGCTCCTACCGATTGAATGGTCCGGTGAAATCTTCTGATTGCTGGGTAGGTTTCGCAAGTTACCTATCTGCGAGAAGTTGCTTGAACCTTATCATTTAGAGGAAGGAGAAGTCGTAACAAGGTTTCC","ASV_34850","Eukaryota","Cryptista","Cryptophyta","Cryptophyta_X","Cryptophyceae","Cryptomonadales","Cryptomonadales_X","Plagioselmis","Plagioselmis_nannoplanctica",100,97,97,97,97,97,97,89,89,64173,"ASV_34850","High","575863","Eukaryota","","Cryptophyceae","Cryptomonadales","Cryptomonadaceae","Plagioselmis","Plagioselmis nannoplanctica"
"ASV_35200",36,0,0,"GTCGCACCTACCGATTGAATGACTCGGTGAAAAATTGGGACCGTGAGTCCGTTTGCTTCATTGCGAGTGGATTGATGGGAACTTTTTTAAACCTCGCCATTTAGAGGAAGGTGAAGTCGTAACAAGGTTTCC","ASV_35200","Eukaryota","TSAR","Stramenopiles","Gyrista","Peronosporomycetes","Peronosporomycetes_X","Peronosporales","Phytophthora",NA,100,100,100,100,100,100,87,87,38,64478,"ASV_35200","High-MH","None","Eukaryota","Oomycota","","Peronosporales","Peronosporaceae",NA,NA
"ASV_35393",110,0,0,"GTCGCTTTTACCGATTGAGTGCTCAGGTGAACCTTCTCGATAGTGCAAACTAGAAATTAAGTAAACCTTAGCACTTAGAGGAAAAAGAAGTCGTAACAAGGTTTCC","ASV_35393","Eukaryota","TSAR","Alveolata","Ciliophora","Oligohymenophorea","Peritrichia_2","Sessilida",NA,NA,99,93,92,92,91,91,81,34,2,64645,"ASV_35393","Low","2812044","Eukaryota","Ciliophora","Oligohymenophorea","Sessilida","Vorticellidae","Vorticellides","Vorticellides sp."
"ASV_35800",108,0,0,"GTCACATCACGAAAGCTGGTTGCACCTGAAACCGGTGAGCTAACTCGTAAGAGAGGCAGCCGTTTACGGTGTGGTCGGTGATTGGGGTGAAGTCGTAACAAGGTAGCT","ASV_35800","Bacteria",NA,NA,NA,NA,NA,NA,NA,NA,50,33,19,19,16,12,12,9,9,65000,"ASV_35800","Low","41211","Bacteria","Bacillota","Clostridia","Eubacteriales","Desulfotomaculaceae","Desulfotomaculum","Desulfotomaculum sp."
"ASV_36111",106,0,0,"GTCGCTCCTACCAATTTCGAGTGATCTGGTGAACATCTTTGGACTGTCGAGCAATCGCGAAATTAGAGTGAACCTGATCACTTAGAGGAAGGAGAAGTCGTAACAAGGTTTCC","ASV_36111","Eukaryota","TSAR","Alveolata","Ciliophora","Spirotrichea","Euplotia","Euplotidae","Euplotes","Euplotes_woodruffi",100,100,100,100,100,100,100,99,91,65263,"ASV_36111","High-MH","None","Eukaryota","Ciliophora","Spirotrichea","Euplotida","Euplotidae","Euplotes",NA
"ASV_36242",105,0,0,"GTCGCTACTACCGATTGAATGGCTTAGTGAGGCCTCCGGATCGCCTGCAAAGGTGAAAAGTTGGTCAAACTTGGTCATTTAGAGGAAGTAAAAGTCGTAACAAGGTTTCC","ASV_36242","Eukaryota","Obazoa","Opisthokonta","Fungi","Ascomycota",NA,NA,NA,NA,100,99,99,89,64,34,19,17,2,65367,"ASV_36242","Low","2316431","Eukaryota","Microsporidia","","","","","Microsporidia sp. clade II"
"ASV_36818",102,0,0,"GTCGCTACTACCGATTGAATGGCTTAGTGAGCCTTTGGGATCGTCAGCTTGTACCGGCAACGGTAGCAGGCCGCTGAAAACTTAGGCAAACTTGGTCATTTAGAGGAAGTAAAAGTCGTAACAAGGTTTCT","ASV_36818","Eukaryota","TSAR","Alveolata","Apicomplexa","Gregarinomorphea","Eugregarinorida","Polyplicariidae","Polyplicarium","Polyplicarium_citrusae",100,61,61,61,61,61,61,61,61,65865,"ASV_36818","High","136200","Eukaryota","Arthropoda","Pycnogonida","Pantopoda","Callipallenidae","Austropallene","Austropallene cornigera"
"ASV_38062",6,0,0,"GTCACACCATGGGAGCGGCTTGCTCCAGAAGTCGGTGCGCCAACCCGCAAGGGCGGCAGCCGCCTAAGGAGTGGGTCGTGACTGGGGTGAAGTCGTAACAAGGTAGCC","ASV_38062",NA,NA,NA,NA,NA,NA,NA,NA,NA,23,22,14,14,8,3,2,2,2,66935,"ASV_38062","Low","1885912","Bacteria","Myxococcota","","Polyangiales","Polyangiaceae","Racemicystis","Racemicystis persica"
"ASV_38438",94,0,0,"GTCGCTCCTACCGATTTTGAGTGATCCGGTGAACCTTTTGGACTGTGATGAGGTCTTGTGCCACATTATGGGAAGTTAAGTAAACCTTATCACTTAGAGGAAGGAGAAGTCGTAACAAGGTTTCC","ASV_38438","Eukaryota","TSAR","Alveolata","Ciliophora",NA,NA,NA,NA,NA,100,97,97,97,28,28,28,28,28,67259,"ASV_38438","Low","1030385","Eukaryota","Ciliophora","Colpodea","Bursariomorphida","Bursariidae","Bursaria","Bursaria sp. 1 MD-2011"
"ASV_39231",90,0,0,"GTCACACCATGGGAGTGGATTGCACCAGAAGTAGATAGCTTAACCGAAAGGGGGGCGTTTACCACGGTGTGGTTCATGACTGGGGTGAAGTCGTAACAAGGTAGCC","ASV_39231","Bacteria","PANNAM","Proteobacteria","Proteobacteria_X","Gammaproteobacteria",NA,NA,NA,NA,94,94,94,94,94,19,19,6,6,67942,"ASV_39231","Low","1970738","Bacteria","Pseudomonadota","Gammaproteobacteria","Orbales","Orbaceae","Gilliamella","Gilliamella apis"
"ASV_39384",86,0,0,"GTCGCTACTACCGATTGAATGGCTTAGTGAGTTTTATGGATTGGGGGAGACTTTTGGTCGTTGGGGGAGAGATCTCGGTCTCTTTCACTTCGGCCTCTCGAAGCCTCTCACCCTGAAAAGTAACACAAACTTGATCATTTAGAGGAAGTGAAAGTCGTAACAAGGTTTCC","ASV_39384","Eukaryota",NA,NA,NA,NA,NA,NA,NA,NA,97,12,11,11,0,0,0,0,0,68070,"ASV_39384","None","None",NA,NA,NA,NA,NA,NA,NA
"ASV_39613",88,0,0,"GTCACATCACGAAAGTCCGTTGTACCGGAAGTCGGTGCGCCAACCCGCAAGGGAGGTAGCTGCCCATGGTATGGCTGGCGATTGGGGTGAAGTCGTAACAAGGTAGCT","ASV_39613","Bacteria","PANNAM",NA,NA,NA,NA,NA,NA,NA,68,51,32,32,30,28,28,20,20,68269,"ASV_39613","Low","2651171","Bacteria","Acidobacteriota","Thermoanaerobaculia","","","","Thermoanaerobaculia bacterium"
"ASV_41620",80,0,0,"GTCGCTACTACCGATTGAATGGTTTAGTGAGGTCTCGGGACCGGAGTTGCCAGCATTCACGGGCCAGCGACACTGGGAACTTGCCCAAACTTGATCATTTAGAGGAAGTAAAAGTCGTAACAAGGTTTCC","ASV_41620","Eukaryota","Obazoa","Opisthokonta",NA,NA,NA,NA,NA,NA,99,94,94,21,21,13,13,4,4,69998,"ASV_41620","Low","1709941","Eukaryota","","","","","","fungal sp."
"ASV_41806",79,0,0,"GTCGCTTGTAGTAACGAATGGTCTGGTGAACCTTCTGGACTGCTCAGCAATGAGCGGAAAAATAAGTAAACCCTACCATTTGGAACAACAAGAATTCGTAACAAGGTATCT","ASV_41806","Eukaryota","TSAR","Alveolata","Ciliophora","Oligohymenophorea","Hymenostomatia","Glaucomidae","Glaucomidae_X","Glaucomidae_X_sp.",100,100,100,100,100,100,85,76,76,70156,"ASV_41806","High-MH","None","Eukaryota","Ciliophora","Oligohymenophorea","Hymenostomatida",NA,NA,NA
"ASV_42309",77,0,0,"GTCGCTTTTACCGATTGAGTGTTCAGGTGAGTCTTCTTGATAGTTGCAAAATTAAAAATTAAACAAACCTTAGCACTTAGAGGAAAAAGAATTCGTAACAAGGTTTCC","ASV_42309","Eukaryota","TSAR","Alveolata","Ciliophora","Oligohymenophorea","Peritrichia_2","Sessilida",NA,NA,100,100,100,100,100,100,100,31,31,70581,"ASV_42309","High-MH","None","Eukaryota","Ciliophora","Oligohymenophorea","Sessilida",NA,NA,NA
"ASV_42896",75,0,0,"GTCGCTCCTACCGATTGGGTGTGCTGGTGAAGTGTTCGGATTGGACTTGGAGGATGGCGACTTTCCCTTGTCCGAGAAGTTCATTAAACCCTCCCACCTAGAGGAAGGAGAAGTCGTAACAAGGTTTCC","ASV_42896","Eukaryota","Archaeplastida","Chlorophyta","Chlorophyta_X","Chlorophyceae",NA,NA,NA,NA,100,99,97,97,66,40,35,6,6,71088,"ASV_42896","Low","1815954","Eukaryota","Chlorophyta","Chlorophyceae","Chlamydomonadales","Chlamydomonadaceae","Rhysamphichloris","Rhysamphichloris curta"
"ASV_43696",38,0,0,"GTCGCTACTACCGATTGAATGGCTCGGTGAGGCCTTCGGACTGGCTCAGGAGGGTTGGCAACGACCCCCCAGAGCCGGAAAGTTGGTCAAACCCGGTCATTTAGAGGAAGTAAAAGTCGTAACAAGGTTTCC","ASV_43696","Eukaryota","Obazoa","Opisthokonta","Fungi","Ascomycota","Pezizomycotina","Eurotiomycetes",NA,NA,100,100,100,100,100,100,100,43,43,71767,"ASV_43696","High-MH","None","Eukaryota","Ascomycota","Eurotiomycetes","Eurotiales",NA,NA,NA
"ASV_44124",71,0,0,"GTCACGCCATGGGAGTTGATTTTACCTGAAGCAGGTGAGCTAACCGCAAGGAGGCAGCCTACCACGGTAATGTAGATGACTGGGGTGAAGTCGTAACAAGGTAGCA","ASV_44124","Bacteria","PANNAM","Proteobacteria","Proteobacteria_X",NA,NA,NA,NA,NA,73,61,58,58,42,22,22,22,22,72128,"ASV_44124","Low","2213196","Bacteria","Pseudomonadota","Alphaproteobacteria","Rickettsiales","Candidatus Midichloriaceae","Midichloria","Candidatus Midichloria sp."
"ASV_44306",70,0,0,"GTCACACCATTGGAGTTGGTTTCACCCGAAGGCAGTGCGCTAACCGCAAGGAGGCAGCTGACCACGGTGGGATCAGCGACTGGGGTGAAGTCGTAACAAGGTAGCC","ASV_44306","Bacteria","PANNAM","Proteobacteria","Proteobacteria_X","Alphaproteobacteria","Sphingomonadales","Sphingomonadaceae",NA,NA,94,90,90,90,87,66,66,10,10,72282,"ASV_44306","High-MH","None","Bacteria",NA,NA,NA,NA,NA,NA
"ASV_45341",42,0,0,"GGCTTATTTTACACCTTAGCTCAGTGGTAGAGCAGCAGAAAGTTAACTGCGAGCCATCGGTTCGAATCCG","ASV_45341","Eukaryota","Obazoa","Opisthokonta",NA,NA,NA,NA,NA,NA,78,54,54,48,32,27,25,0,0,NA,NA,NA,NA,NA,NA,NA,NA,NA,NA,NA
"ASV_49527",56,0,0,"TTCGCTTGTAGTAACGAATGGTCTGGTGAACCTTCTGGACCAGATTCGCAAGACTTTGGGAAGTTAAGTAAACCCTACCATTTGGAACAACAAGAAGTCGTAACAAGGTATCT","ASV_49527","Eukaryota","TSAR","Alveolata","Ciliophora","Oligohymenophorea","Hymenostomatia","Ophryoglenida","Ichthyophthirius","Ichthyophthirius_multifiliis",99,98,98,98,97,97,75,72,72,76709,"ASV_49527","Low","5932","Eukaryota","Ciliophora","Oligohymenophorea","Hymenostomatida","","Ichthyophthirius","Ichthyophthirius multifiliis"
"ASV_51571",25,0,0,"GACGAAAAAACAAATTTGCCTCAATCATTCGCGCAAAATTGTTTTGCGCGGGTGCCGCTTCGCCCTCCGAAGAAAACGACGTGGCCGTATAGTCGAAAGCCGTGTT","ASV_51571","Eukaryota",NA,NA,NA,NA,NA,NA,NA,NA,88,15,11,11,5,5,5,5,5,NA,NA,NA,NA,NA,NA,NA,NA,NA,NA,NA
"ASV_52021",50,0,0,"GTCGCTCCTACCGATTGAATGATCCGGTGAGGCCCCCGGACTGTGGCAACGCAGCTGGTTCTCCAGCCGCGATGCCGCGGGAAGCTGTCCGAACCTTATCATTTAGAGGAAGGAGAAGTCGTAACAAGGTTTCC","ASV_52021","Eukaryota","Haptista","Haptophyta","Haptophyta_X","Prymnesiophyceae",NA,NA,NA,NA,100,100,100,100,100,27,27,27,27,78786,"ASV_52021","High","373042","Eukaryota","Haptophyta","","Zygodiscales","Braarudosphaeraceae","Braarudosphaera","Braarudosphaera bigelowii"
"ASV_53445",47,0,0,"CGTCAGCCGCACTAGAAAACACTAAGCCCTGCGCTTTTCCGCTTCTCGCTGTAAGTCTCGGTCAGCCTCCCAAGC","ASV_53445","Eukaryota",NA,NA,NA,NA,NA,NA,NA,NA,77,12,11,8,8,2,2,1,1,NA,NA,NA,NA,NA,NA,NA,NA,NA,NA,NA
"ASV_55266",19,0,0,"GTCACACCATGAAAGTCGGCTGTACCAGAAGTCACTGTGCTAACCGTAAGGAGGCAGGTGCCCAAGGTATGGTCGATGATTGGGGTGAAGTCGTAACAAGGTAGCC","ASV_55266","Bacteria","PANNAM","Proteobacteria","Proteobacteria_X","Deltaproteobacteria","Bdellovibrionales","Bdellovibrionaceae","Bdellovibrio","Bdellovibrio_sp.",86,74,71,71,67,51,51,51,51,81477,"ASV_55266","Low","28201","Bacteria","Bdellovibrionota","Bdellovibrionia","Bdellovibrionales","Pseudobdellovibrionaceae","Bdellovibrio","Bdellovibrio sp."
"ASV_55672",43,0,0,"GTCAAGCCACGAAAGAGAGGAGCGCCCGAAGTCATCTTTACCGATGCCGAAGGTGATACTCTTGATTGGGACTAAGTCGTAACAAGGTAACC","ASV_55672",NA,NA,NA,NA,NA,NA,NA,NA,NA,28,21,19,19,19,5,5,5,5,81823,"ASV_55672","Low","2598579","Bacteria","Planctomycetota","Planctomycetia","Gemmatales","Gemmataceae","Limnoglobus","Limnoglobus roseus"
"ASV_55974",43,0,0,"GTCACATTATGGGAGTTGGGTTCACCCGAAGGCAGTGCGCTAACCGCAAGGAGGCAGCTGACCACGGTGGGCTTAGCGACTGGGATGAAGTCGTAACAAGGTAGCC","ASV_55974","Bacteria","PANNAM","Proteobacteria","Proteobacteria_X","Alphaproteobacteria","Sphingomonadales","Sphingomonadaceae",NA,NA,91,89,89,89,89,62,62,29,29,82058,"ASV_55974","Low","56986","Bacteria","Pseudomonadota","Alphaproteobacteria","Hyphomicrobiales","Nitrobacteraceae","Afipia","Afipia genosp. 11"
"ASV_56550",38,0,0,"GTCGCTCCTACCGATACCGGGTGATGTGCTGAACCTTTTGGACCGAGTTTCGGAAAGATATGTAAAGCTTATCACCTAGAGGAAGGAGAAGTCGTAACAAGGTTTCC","ASV_56550","Eukaryota","TSAR","Alveolata","Ciliophora","Litostomatea","Haptoria_5","Pleurostomatida","Hemiophrys",NA,100,100,100,100,100,100,100,60,49,82541,"ASV_56550","High-MH","None","Eukaryota","Ciliophora","Litostomatea","Pleurostomatida","Amphileptidae",NA,NA
"ASV_57451",40,0,0,"GTCACACCATGGGAGTTGGTTTTACCTTAAGATGGTGCACTAACCCGCAAGGGAAGAAGCCAGCCACGGTAGGATCAGTGACTGGGGTGAAGTCGTAACAAGGTAGCA","ASV_57451","Bacteria","PANNAM","Proteobacteria","Proteobacteria_X","Alphaproteobacteria",NA,NA,NA,NA,79,78,73,73,70,8,8,8,8,83309,"ASV_57451","Low-MH-S","1818785;1818787","Bacteria","Pseudomonadota","Alphaproteobacteria","Rhodospirillales","Acetobacteraceae","Roseomonas",NA
"ASV_57496",40,0,0,"GTCACACCATGGGAGTTGGGTTCACCCGAAGTCGTTGCGCTAACTCGCAAGAGAGGCAGGCGACCACGGTGGGCTTAGCGACTGGGGTGAAGTCGTAACAAGGTAGCC","ASV_57496","Bacteria","PANNAM","Proteobacteria","Proteobacteria_X","Alphaproteobacteria","Sphingomonadales","Sphingomonadaceae",NA,NA,93,90,89,89,89,86,86,26,26,83346,"ASV_57496","High-MH","None","Bacteria",NA,NA,NA,NA,NA,NA
"ASV_58749",38,0,0,"GTCAAGCCACGAAAGCGGGGGGCATCCGAAGTCGCCTAGCTAACCGCAAGGGAGCAGGTGCCGAAGATGAACTCCGTGATTGGGACTAAGTCGTAACAAGGTAGCC","ASV_58749","Bacteria","PVC","Planctomycetes","Planctomycetes_X","Planctomycetacia",NA,NA,NA,NA,87,81,76,76,76,41,41,38,38,84357,"ASV_58749","Low","1869227","Bacteria","","","","","","bacterium"
"ASV_58750",38,0,0,"GTCGCTCCTACCGACTCGGATGATTTGGTGAGTTGTTCGGACTTTGCAACGCAAGTTGCGGGGGAAGTCCTGCGAACCTAATTGTCTGGAGGAAGGAGAAGTCGTAACAAGGCTGCT","ASV_58750","Eukaryota","Excavata","Metamonada","Fornicata","Fornicata_X","Diplomonadida","Hexamitidae","Trimitus","Trimitus_sp.",100,86,86,86,86,86,86,69,69,84358,"ASV_58750","High","3062693","Eukaryota","Fornicata","","Diplomonadida","Hexamitidae","Gyromonas","Gyromonas ambulans"
"ASV_60862",2,0,0,"GTCACACCATGAAAGTTGTGCCTACCAGAAGTCGCTGCGCTAACCGTAAGGAGGCAGGCGCCCAAGGTAGGAACGATGATTGGGGTGAAGTCGTAACAAGGTAGCC","ASV_60862","Bacteria","PANNAM","Proteobacteria","Proteobacteria_X","Deltaproteobacteria","Bdellovibrionales","Bdellovibrionaceae","Bdellovibrio","Bdellovibrio_sp.",76,69,68,68,67,61,61,61,61,86078,"ASV_60862","Low","743450","Bacteria","Bdellovibrionota","Bdellovibrionia","Bdellovibrionales","Pseudobdellovibrionaceae","Bdellovibrio","Bdellovibrio sp. SD2GS"
"ASV_60866",35,0,0,"GCCGCAGTAAAGGTCACGCTTTCAATCGACTTCACGCCACTATCCCCAGCCTGCAATGAACAGAACGGATGATAGGACGCAGCCGACCCCACACTTGAGGCCACCACTTGCCCGCCAGCGCCTACGGCAAACGTGAAATGGTTTTGAGATACCCTCCCCGCTACGCCGTTCTCGTTGGT","ASV_60866","Eukaryota",NA,NA,NA,NA,NA,NA,NA,NA,87,47,47,7,7,7,2,2,2,NA,NA,NA,NA,NA,NA,NA,NA,NA,NA,NA
"ASV_60961",35,0,0,"CGCAGAAGCACGAAATCTTCAACATCATCGTCGAGCACACGGATTGCTGCGACTTGGCCCGGATGATGCAGCTGTCGTGCTCGACCCTCCGCAAATG","ASV_60961","Eukaryota",NA,NA,NA,NA,NA,NA,NA,NA,97,13,8,8,7,7,7,7,7,NA,NA,NA,NA,NA,NA,NA,NA,NA,NA,NA
"ASV_63871",7,0,0,"GCAACAGGGACGTGAGGAGCGATGAATCGCACATGCTCACCTCGTCAACGATAATCAACTGGTGCGGCAGGCAGTTGTTTTCGTC","ASV_63871","Eukaryota","Obazoa","Opisthokonta",NA,NA,NA,NA,NA,NA,82,53,53,14,4,4,4,4,4,NA,NA,NA,NA,NA,NA,NA,NA,NA,NA,NA
"ASV_64193",31,0,0,"GTCGCTCCTACCGATTGGATGTTCCGGTGAATTCTTCGGACTCGTGGTCTTGACTGGAGCAATCTAGTCCTGATCAATGAGGAAGTTGCGTAAACCTTAACATCTAGAGGAATGAGAAGTCGTAACAAGGTTTCC","ASV_64193","Eukaryota",NA,NA,NA,NA,NA,NA,NA,NA,98,43,12,5,4,1,1,1,1,88763,"ASV_64193","None","None",NA,NA,NA,NA,NA,NA,NA
"ASV_64665",29,0,0,"GTCGCTACTACCGAGTGAATGGTGTCATGATGCGCTGGGACTGGACGTTAGTTGGGCTCTCGGGCTCGGCAGACGCTGGGATCAGCGTAAAATGGCGCAATTTCGAGGAAGTAAAAGTCGTAACAAGGTTTCC","ASV_64665","Eukaryota","Obazoa","Opisthokonta","Metazoa","Myxozoa","Myxozoa_X","Myxosporea","Myxobolus","Myxobolus_carnaticus",100,100,100,100,100,100,100,91,80,89132,"ASV_64665","Low","1569976","Eukaryota","Cnidaria","Myxozoa","Bivalvulida","Myxobolidae","Myxobolus","Myxobolus sp. KLT-2014"
"ASV_65473",30,0,0,"GTCACACCATGGGAGTGGGCTGCACCAGAAGCAGATAGTCTAACCGCAAGGGGGACGTTTGCCACGGTGTGGTTCATGACTGGGGTGAAGTCGTAACAAGGTAGCC","ASV_65473","Bacteria","PANNAM","Proteobacteria","Proteobacteria_X","Gammaproteobacteria","Legionellales","Legionellaceae","Legionella","Legionella_sp.",100,100,100,100,100,96,96,79,79,89799,"ASV_65473","Low","2708020","Bacteria","Pseudomonadota","Gammaproteobacteria","Legionellales","Legionellaceae","Legionella","Legionella antarctica"
"ASV_67096",28,0,0,"GTCACACCATGGGAGTCGTTCGCTCCAGAAGTGCCTGCGCCAACCCGCAAGGGGGGCAGGGCCCCAAGGAGTGAATGGTAACTGGGGTGAAGTCGTAACAAGGTAGCC","ASV_67096","Bacteria","PANNAM","Proteobacteria","Proteobacteria_X","Deltaproteobacteria","Myxococcales","Polyangiaceae","Polyangium","Polyangium_sp.",83,83,83,83,81,81,67,55,55,91084,"ASV_67096","Low","1826750","Bacteria","Myxococcota","Myxococcia","Myxococcales","","","Myxococcales bacterium UTMC 4097"
"ASV_67097",28,0,0,"AATTCCGAACGCGGAACAGGAACGGTTACATTCATTTCAACGGCCATATACGACCGCATAGTATCGTTGACAACCCCAGAAGTGTCA","ASV_67097","Eukaryota","Obazoa","Opisthokonta","Metazoa",NA,NA,NA,NA,NA,94,60,60,50,30,11,11,5,5,NA,NA,NA,NA,NA,NA,NA,NA,NA,NA,NA
"ASV_67892",8,0,0,"GTCGCTCCTACCGACTTGGATGTTTTGGTGAGTTGTTCGGACTGGCAACCGTTAGGCCGCCGGGAAGTCCTGCGAACCCCAATGTCTGGAGGAAGGAGAAGTCGTAACAAGGCTGCT","ASV_67892","Eukaryota","Excavata","Metamonada","Fornicata","Fornicata_X","Diplomonadida","Hexamitidae","Trepomonas","Trepomonas_sp.",100,100,100,100,100,100,100,100,100,91724,"ASV_67892","Low","3062697","Eukaryota","Fornicata","","Diplomonadida","Hexamitidae","Trepomonas","Trepomonas sp."
"ASV_70118",6,0,0,"GTCACACCATGGGAGTTGGTTTTACCTTAAGGCGGTCCCCTAACCTGAAAAGGAAGGAGCCGACCACGGTAGGATTAATGACTGGGGTGAAGTCGTAACAAGGTAGCC","ASV_70118","Bacteria","PANNAM","Proteobacteria","Proteobacteria_X","Alphaproteobacteria",NA,NA,NA,NA,57,55,55,55,50,31,31,21,21,93520,"ASV_70118","Low","2567973","Bacteria","Pseudomonadota","Alphaproteobacteria","Holosporales","Candidatus Paracaedibacteraceae","Finniella","Candidatus Finniella dimorpha"
"ASV_70404",25,0,0,"GTCACACCATGGGAGTTGGTTTTACCCGAAGGCGTTGCGCCAACCGCAAGGAGGCAGACGACCACGGTAAGGTCAGCGACTGGGGTGAAGTCGTAACAAGGTAGCC","ASV_70404","Bacteria","PANNAM","Proteobacteria","Proteobacteria_X","Alphaproteobacteria",NA,NA,NA,NA,98,98,98,98,98,23,23,23,23,93734,"ASV_70404","Low-MH-S","1869227;2498452","Bacteria",NA,NA,NA,NA,NA,NA
"ASV_72645",23,0,0,"GTCAAGTCATGGGAGCTGGCAGTGCCCAAAGTCGCCTCGATTCAGGGGTGCCCACGGCAAGGCTGGTGACTGGGACTAAGTCGTAACAAGGTAGCC","ASV_72645",NA,NA,NA,NA,NA,NA,NA,NA,NA,15,12,12,12,12,11,11,10,10,95455,"ASV_72645","Low","1869227","Bacteria","","","","","","bacterium"
"ASV_74377",22,0,0,"ACCCGATACAGTTGGGGGGAGAGGATCGTTGGGAAATTCCCTTGATTGGGGTATCGCACCCACGCCGGATTTACACCGGTTGACGG","ASV_74377","Eukaryota",NA,NA,NA,NA,NA,NA,NA,NA,79,10,4,4,3,2,2,2,2,NA,NA,NA,NA,NA,NA,NA,NA,NA,NA,NA
"ASV_77082",20,0,0,"GTCACACCATGGGAGTTGGTTCAATCTTAAGACGTGACTCTAACCGCAAGGAGGAGAGCGTCTACGGTGGGGCTGATGACTGGGGTGAAGTCGTAACAAGGTAGCC","ASV_77082","Bacteria","PANNAM","Proteobacteria","Proteobacteria_X","Deltaproteobacteria","Bdellovibrionales","Bacteriovoracaceae","Peredibacter","Peredibacter_sp.",80,61,61,61,56,54,54,53,53,98903,"ASV_77082","Low","28202","Bacteria","Bdellovibrionota","Bacteriovoracia","Bacteriovoracales","Bacteriovoracaceae","Peredibacter","Peredibacter starrii"
"ASV_78727",19,0,0,"GTCACACCACGAAAGTTGGTTTCACCAGAAGTCGGTGCGCTAACCGCAAGGAAGCAGCCGCCCAAGGTGAGGTCGATGATTGGGGTGAAGTCGTAACAAGGTAGCC","ASV_78727","Bacteria","PANNAM",NA,NA,NA,NA,NA,NA,NA,69,58,14,14,14,12,11,10,10,100186,"ASV_78727","Low","2231053","Bacteria","Bdellovibrionota","Bdellovibrionia","Bdellovibrionales","Pseudobdellovibrionaceae","Bdellovibrio","Bdellovibrio sp. ZAP7"
"ASV_79793",7,0,0,"GGGGTGAACTATTTGACGGCGAAGAACCGGAGGAAGACGAAGACGGCGGGCTGGAAGAC","ASV_79793",NA,NA,NA,NA,NA,NA,NA,NA,NA,16,6,5,5,3,2,2,2,2,NA,NA,NA,NA,NA,NA,NA,NA,NA,NA,NA
"ASV_81360",17,0,0,"GTCGCTACTACCGATTGAATGGCTCAGTGAGGCGTTCGGACTGGCCCGGAGTGGGGGGCGACCCCCGTTCTGGGCCGGAAAGTTCTCCGAACTCGGTCATTTAGAGGAAGTAAAAGTCGTAACAAGGTCTCC","ASV_81360","Eukaryota","Obazoa","Opisthokonta","Fungi","Ascomycota","Pezizomycotina","Sordariomycetes","Acremonium","Acremonium_brunnescens",100,100,100,100,100,100,95,74,74,102215,"ASV_81360","High","2082605","Eukaryota","Ascomycota","Sordariomycetes","Glomerellales","Plectosphaerellaceae","Brunneomyces","Brunneomyces brunnescens"
"ASV_82768",17,0,0,"GTCGCTCCTACCGATTGGGTGTGCTGGTGAAGTGTTCGGATTGGGAATAGCGGTGGGCAACCATTGCTGTGCCTGAAAAGTTCATTAAACCCTCACACCTAGAGGAAGGAGAAGTCGTAACAAGGTTTCC","ASV_82768","Eukaryota","Archaeplastida","Chlorophyta","Chlorophyta_X","Chlorophyceae",NA,NA,NA,NA,100,98,97,97,80,15,15,15,11,103227,"ASV_82768","Low","55994","Eukaryota","Chlorophyta","Chlorophyceae","Oedogoniales","Oedogoniaceae","Oedogonium","Oedogonium angustistomum"
"ASV_83213",16,0,0,"GCCGCAGTAAAGGTCACGCTTTCAATCGACTTCACGCCACTATCCCCAGCCTGCAATGAACAGAACGGATGATAGGACGCAGCAGAACCTACGCTTGAAGCCACCACTTGCCCGCCCGCGCCTACGGCAAACGTGAAATGGTTTTGAGATACCCTCCCCGCTACGCCGTTCTCGTTGGTGTAGGT","ASV_83213","Eukaryota",NA,NA,NA,NA,NA,NA,NA,NA,87,13,13,13,13,6,6,5,5,NA,NA,NA,NA,NA,NA,NA,NA,NA,NA,NA
"ASV_84960",15,0,0,"GTCGCTACTACCGATTGAATTGTTTAGTGAGGTCTCGAGACTGACATCAAAAACTGTAAAAGGTTTTAAATGTTTGGAACTTGCTCAAACTTGATCATTTAGAGGAAGTAAAAGTCGTAACAAGGTTTCC","ASV_84960","Eukaryota","Obazoa","Opisthokonta",NA,NA,NA,NA,NA,NA,98,94,94,25,25,21,5,5,5,104882,"ASV_84960","Low","1536791","Eukaryota","","Choanoflagellata","Craspedida","Salpingoecidae","Salpingoeca","Salpingoeca fusiformis"
"ASV_87572",2,0,0,"GTCACATCATGGAAGCCGGTCGCGCTCGAAGTATCTGCGCCAACCTTACGGAGGCAGGATCCTAAAGCATGACTGGTGACTGGGATGAAGTCGTAACAAGGTAGCC","ASV_87572","Bacteria","PVC","Verrucomicrobia","Verrucomicrobia_X","Verrucomicrobiae","Verrucomicrobiales","Verrucomicrobiaceae","Verrucomicrobiaceae_X","Verrucomicrobiaceae_X_sp.",86,81,80,80,80,80,80,80,80,106829,"ASV_87572","Low","239935","Bacteria","Verrucomicrobiota","Verrucomicrobiae","Verrucomicrobiales","Akkermansiaceae","Akkermansia","Akkermansia muciniphila"
"ASV_92272",12,0,0,"GGTTGCTAGGTCGTAGCTCTGTGTCGCAGTGCTGGTGCTTATGACGTAAAACGTGTGGCCGTTCATGCT","ASV_92272","Eukaryota","Obazoa","Opisthokonta","Metazoa",NA,NA,NA,NA,NA,86,65,65,56,33,13,13,0,0,NA,NA,NA,NA,NA,NA,NA,NA,NA,NA,NA
"ASV_92954",12,0,0,"GATTGCAGGTTGATCTTGCTGCGCAGGCGCTTTTCAGCGTTGGCGGTAAAACCAATTGCCAACTGCAACATTTCGGTGCCA","ASV_92954","Eukaryota","Obazoa","Opisthokonta","Metazoa",NA,NA,NA,NA,NA,88,64,64,61,22,13,13,0,0,110683,"ASV_92954","None","None",NA,NA,NA,NA,NA,NA,NA
"ASV_101513",9,0,0,"AGGCCCAGAAACACCCCGAGCTCAAACGCCACACCAGTCAGGCGCGAGGTGATGAGACCAACGCCATAAATCTGCGCCACCAA","ASV_101513","Eukaryota","Obazoa","Opisthokonta","Metazoa",NA,NA,NA,NA,NA,98,69,69,61,28,21,15,3,2,NA,NA,NA,NA,NA,NA,NA,NA,NA,NA,NA
"ASV_102050",9,0,0,"CACCATCGCGCCTTGCTGGGATTGATCGCACCGTGCCCCGATCGATGGTCGTTGGACTGCCGTTGATAATCCGCCATTCGATCGATGGTTCCGATCTGGCATCCGTCGCCTGCCGATTGTCGATCGCTAGCT","ASV_102050","Eukaryota","Obazoa","Opisthokonta","Metazoa",NA,NA,NA,NA,NA,97,66,66,61,8,6,6,6,6,NA,NA,NA,NA,NA,NA,NA,NA,NA,NA,NA
"ASV_106718",8,0,0,"GTCGTTATCACCGATTGAATGGTTTAGTGAGGTCTCGGGACCGGAGTTTGTAACTGTCAAAGGTCGCGAACACTGGGAATTTGCTCAAACTTGATCATTTAGAGGAGATACAAGTCGTAACAAGGTCTCC","ASV_106718","Eukaryota","Obazoa","Opisthokonta",NA,NA,NA,NA,NA,NA,97,88,88,29,29,23,17,17,17,14838,"ASV_106718","Low","81526","Eukaryota","","Choanoflagellata","Craspedida","Salpingoecidae","Monosiga","Monosiga ovata"
"ASV_110353",7,0,0,"GTCAAGCCACGAAAGAGAGGAGCGCCCGAAGCCGGCTTATGCTGTCGAAGGCGAAACTCTTGATTGGGACTAAGTCTTAACAAGGTAACC","ASV_110353",NA,NA,NA,NA,NA,NA,NA,NA,NA,46,21,21,21,21,15,15,12,12,17796,"ASV_110353","None","None",NA,NA,NA,NA,NA,NA,NA
"ASV_122609",5,0,0,"GCGTTGCCGATGTTTGCCCATGCCGTGTTGTTGAACAGCAGTTGCAAAAGGGCGGTCTCGGAAGCGTTAGAAAGCGACATGGGCTGTCCCTTTAGCT","ASV_122609","Eukaryota",NA,NA,NA,NA,NA,NA,NA,NA,92,17,8,8,8,8,8,8,8,NA,NA,NA,NA,NA,NA,NA,NA,NA,NA,NA
"ASV_122610",5,0,0,"CTGCTGTTCACGGCCTCCAAGATTCCGAGGGACCATTTTGGCCGACCCTATCGACGCTCAATCACCCTATTGTCTCGCACACCCC","ASV_122610","Eukaryota",NA,NA,NA,NA,NA,NA,NA,NA,93,6,3,3,2,2,2,2,2,NA,NA,NA,NA,NA,NA,NA,NA,NA,NA,NA
