"","ECOTIP.C.extrac","ECOTIP.C.extrac","ECOTIP.C.extrac","ECOTIP.C.extrac","ECOTIP.C.extrac","ECOTIP.C.plate","X","X.1","Domain","Supergroup","Division","Subdivision","Class","Order","Family","Genus","Species","Domain.1","Supergroup.1","Division.1","Subdivision.1","Class.1","Order.1","Family.1","Genus.1","Species.1","X","OTU","assignmentQual","taxID","superkingdom","phylum","class","order","family","genus","species"
"ASV_5",0,0,0,0,3,0,"AGCTCCAATAGCGTATATTAAAGTTGTTGCAGTTAAAAAGCTCGTAGTTGGATTTCTGGCAGGAGTGACCGGTCACGCACTCTGTGCGTGAACTTGTGTTGTCTCTGGCCATCCTTGGGGAGATCCTGTTTGGCATTAAGTTGTCGGGCAGGGGATACCCATCGTTTACTGTGAAAAAATTAGAGTGTTTAAAGCAGGCTTATGCCGTTGAATATATTAGCATGGAATAATAAGATAGGACTTCGGAACTATTTTGTTGGTTTGCGTTACGAAGTAATGATTAATAGGGACAGTTGGGGGTATTCGTATTTCGTTGTCAGAGGTGAAATTCTTGGATTTCCGAAAGACGAACTACTGCGAAAGCATTTACCAAGGATGTTTTCA","ASV_5","Eukaryota","TSAR","Stramenopiles","Gyrista","Mediophyceae","Thalassiosirales","Thalassiosiraceae","Thalassiosira","Thalassiosira_gravida",100,100,100,100,100,100,100,97,93,5,"ASV_5","High-MH","None","Eukaryota","Bacillariophyta","Coscinodiscophyceae","Thalassiosirales","Thalassiosiraceae",NA,NA
"ASV_9",0,0,5,0,0,0,"AGCTCCAAGAGCGTATATTAAAGTTGTTGCAGTTAAAAAGCTCGTAGTTGGATTTCTGGTACAACGCGCCTGGCCCGCTTTTAGTGAGTGCCGGTGCGCGTTTGCCATCCTTCTAGAAAACGTTTCTACCTGGGCAACCGGGCCGGACTCGCGATCTAGATCTTTTACTTTGAAAAAATTAGAGTGTTTAAAGCAGGCTTTTGCTGTGAATACATTAGCATGGAATAATAATCTAGGACTTCGGTTCTATTTTGTTGGTTTCTAGTACTGAAGTAATGATTGATAGGGATAGTTGGGGGTGCTAGTATTGGCCGGCCAGAGGTGAAATTCTTGGATTCGGTCAAGACTAACTTATGCGAAAGCATTCACCAAGGATGTCTTCT","ASV_9","Eukaryota","TSAR","Rhizaria","Cercozoa","Filosa-Thecofilosea","Cryomonadida","Cryothecomonas-lineage","Cryothecomonas","Cryothecomonas_aestivalis",100,100,100,100,100,100,100,100,100,9,"ASV_9","Low","1979872","Eukaryota","Cercozoa","Thecofilosea","Cryomonadida","Rhogostomidae","Rhogostoma","Rhogostoma sp."
"ASV_101",0,2,0,0,0,0,"AGCTCCAATAGCGTATATTAAAGTTGTTGCAGTTAAAAAGCTCGTAGTTGAACTTCTGACTGTTTCGAAAGCTGGCTTTTGTCGCTTTCGTGACAGTCATCCGCTTGGGAACTCCGTTCGAACTTCATTGTTTGGCGGAAGGAACAGGCATTTTACTTTGAAAAAATTAGAGTGTTCAAGGCAGGCTATAGCCCTGAATACACAAGCATGGAATAATGAAATAGGACTGGTTCCATTTTATTGGTTATTGGACTAGTAATGATTAATAGGGACAGTTGGGGGCATTAGTATTTAATTGTCAGAGGTGAAATTCTTGGATTAATTAAAGACTAACTTATGCGAAAGCATTTGCCAAGGATGTTTTCA","ASV_101","Eukaryota","TSAR","Alveolata","Ciliophora","CONThreeP","CONThreeP_X","CONThreeP_XX","Askenasia","Askenasia_sp.",100,100,100,100,100,100,100,100,100,101,"ASV_101","Low","1892383","Eukaryota","Ciliophora","","","","","Ciliophora sp."
"ASV_196",0,21,0,0,0,0,"AGCTCCAATAGCGTATATTAAAGTTGTTGCAGTTAAAAAGCTCGTAGTTGGACCTTGGACCTGGACAGGCGGTCCGCCTCACGGCGAGTACTGTCTTGCTGGGTCTTTCCTCTTGGTGATCTGTTGTTTCGGCAGCAGGGAACCAGGACCTTTACTTTGAAAAAATTAGAGTGTTCAAAGCAGGCTCGACGCCGGAATATATTAGCATGGAATAATAAAATAGGACGTGCGGTTCTATTTTGTTGGTTTTTGGAATCGCCGTAATGATTAATAGGGACAGTCGGGGGCATTAGTACTCACATGCTAGAGGTGAAATTCTTGGATTTTGTGAAGACTAACTTCTGCGAAAGCATTTGCCAAGGATGTTTTCA","ASV_196","Eukaryota","Obazoa","Opisthokonta","Fungi","Basidiomycota","Ustilaginomycotina","Exobasidiomycetes","Malassezia","Malassezia_restricta",100,100,100,100,100,100,100,100,96,194,"ASV_196","High-MH","None","Eukaryota",NA,NA,NA,NA,NA,NA
"ASV_2196",0,16,0,6,0,0,"AGCTCCAATAGCGTATATTAAAGTTGTTGCAGTTAAAAAGCTCGTAGTTGAACCTTGGGTCTGGCTGGCCGGTCCGCCTCACCGCGAGTACTGGTCCGGCTGGACCTTTCCTTCTGGGGAATCCCATGGCCTTCACTGGCTGTGGGTGGAACCAGGACTTTTACTGTGAAAAAATTAGAGTGTTCAAAGCAGGCCTTTGCTCGAATACATTAGCATGGAATAATAGAATAGGACGTGCGGTTCTATTTTGTTGGTTTCTAGGACCGCCGTAATGATTAATAGGGATAGTCGGGGGCGTCAGTATTCAGCTGTCAGAGGTGAAATTCTTGGATTTGCTGAAGACTAACTACTGCGAAAGCATTCGCCAAGGATGTTTTCA","ASV_2196","Eukaryota","Obazoa","Opisthokonta","Fungi","Ascomycota","Pezizomycotina","Eurotiomycetes","Aspergillus",NA,100,100,100,100,100,100,100,83,34,2141,"ASV_2196","High-MH","None","Eukaryota",NA,NA,NA,NA,NA,NA
"ASV_3453",13,0,0,0,0,0,"AGCTCCAATAGCGTATATTAAAGTTGTTGCAGTTAAAAAGCTCGTAGTTGGATCTGGGGTCCAGGCTGGCGGTCCGCCGCGCGGCGGTTACTGCTCGTCCTGACCTACCTGCCGGTGTCCGTCCGCGGATGCTCTTCGCCGAGTGTCTCGGGTGGCCGGAACGTTTACTTTGAAAAAATTAGAGTGTTCAAAGCAGGCGCGCTCGCCTGAATAATGGTGCATGGAATGATGGAATAGGACCTCGGTTCTAGTTTGTTGGTTTTCGGAACTCGAGGTAATGATTGAGAGGGACGGACGGGGGCATTCGTATTACGGCGTTAGAGGTGAAATTCTTGGATCGCCGTAAGACGAACTACAGCGAAAGCATTTGCCAAGAACGTTTTCA","ASV_3453","Eukaryota","Obazoa","Opisthokonta","Metazoa","Annelida","Annelida_X","Siboglinidae","Lamellibrachia","Lamellibrachia_sp.",100,100,100,100,100,100,100,80,80,3329,"ASV_3453","High-MH","None","Eukaryota","Annelida","Polychaeta","Sabellida","Siboglinidae",NA,NA
"ASV_4248",0,90,0,10,0,0,"AGCTCCAATAGCGTATATTAAAGTTGTTGCAGTTAAAAAGCTCGTAGTTGAACCTTGGGCTTGGTTGGCCGGTCCGCCTTTTTGGCGAGTACTGGACCCAACCGAGCCTTTCCTTCTGGCTAACCTTTCGCCCTTGTGGTGTTTGGCGAACCAGGACTTTTACTTTGAAAAAATTAGAGTGTTCAAAGCAGGCCTTTGCTCGAATATATTAGCATGGAATAATAGAATAGGACGTTATGGTTCTATTTTGTTGGTTTCTAGGACCATCGTAATGATTAATAGGGACGGTCGGGGGCATCAGTATTCAGTTGTCAGAGGTGAAATTCTTGGATTACCTGAAGACTAACTACTGCGAAAGCATTTGCCAAGGACGTTTTCA","ASV_4248","Eukaryota","Obazoa","Opisthokonta","Fungi","Ascomycota","Saccharomycotina","Saccharomycetales","Debaryomyces","Debaryomyces_hansenii",100,100,100,100,100,100,100,100,100,4079,"ASV_4248","High-MH","None","Eukaryota","Ascomycota",NA,NA,NA,NA,NA
"ASV_5146",0,0,409,0,0,0,"AGCTCCAATAGCGTATATTAAAGTTGTTGCAGTTAAAAAGCTCGTAGTTGGATTTCAAGAAACGCAGTGAGGCAACTCATCTGCTTTCTACCAGTCTTTGACTGTTACTGTGAGAAAATTAGAGTGTTTCAAGCAGGCTTTTGCAGGAATACATTAGCATGGAATAACGAATGTGTCTACAATTTGGTTGATTGTAGATTTCAATTAATAGGGACAGTTGGGGGCATTAGTATTTAATTGTCAGAGGTGAAATTCTTGGATTTGTTAAAGACTAACGTATGCGAAAGCATTTGCCAAGGATGTTTTCA","ASV_5146","Eukaryota","TSAR","Alveolata","Ciliophora","Litostomatea","Haptoria_5","Pleurostomatida","Hemiophrys","Hemiophrys_procera",100,100,100,100,100,100,100,63,63,4901,"ASV_5146","Low","3051125","Eukaryota","Ciliophora","Litostomatea","Pleurostomatida","Amphileptidae","Amphileptus","Amphileptus paracarchesii"
"ASV_5805",0,0,339,0,0,0,"AGGTATACTTGATCCTTGACCCTTTGCTGCATCTGCGGCGGCAAGTTCAAGAGCGATTCTTTTGAGATCGTCATCTGTTTGGTTGGCTACGTTAATTGCCGATGAAGGAATATAACCGTCAAATCTTTTGTAGGCGAGTTCGATATGCCCAAGGGAACCTTTCTCAGCCATCTTGAGTAAAGCTGAATCAATCTTAGCGAGGCGCTTGGCATACTTCTTTGATCTTTCGGCCAGCACCCACGCCCAATCCAATTTAGCTTCCCAATTTGAAATGGTTGGGATTGAGACATCAAACATCTCTGCTTTTTCTTTAAGTGTTTTATCTTC","ASV_5805",NA,NA,NA,NA,NA,NA,NA,NA,NA,31,30,30,30,30,29,29,28,28,NA,NA,NA,NA,NA,NA,NA,NA,NA,NA,NA
"ASV_6022",0,0,0,0,92,0,"AGCTCCAATAGCGTATATTAAAGTTGTTGCAGTTAAAAAGCTCGTAGTTGGATTTGTGGCGTATGGTGTGTTCCGGGCACTTGTTGTCTGAGTAACCTGCTGTTGCCATCCTTGGGTGGAACCTGTGTGGCATTAGGTTGTCGTGCAGGGGATGCCCATCATTTACTGTGAAAAAATTAGAGTGTTCAAAGCAGGCTTATGCCGTTGAATATATTAGCATGGAATAATGAGATAGGACTTTTTTGCTATTTTGTTGGTTTGCGCAAAGAGGTAATGATTAATAGGGACAGTTGGGGGTATTCGTATTCCATTGTCAGAGGTGAAATTCTTGGATTTCTGGAAGACGAACTACTGCGAAAGCATTTACCAAGGATGTTTTCA","ASV_6022","Eukaryota","TSAR","Stramenopiles","Gyrista","Bacillariophyceae","Naviculales","Naviculaceae","Navicula","Navicula_radiosa",100,100,100,100,100,100,100,98,54,5683,"ASV_6022","High-MH","None","Eukaryota","Bacillariophyta",NA,NA,NA,NA,NA
"ASV_7571",0,0,0,85,0,0,"AGCTCCAATAGCGTATATTAAAGTTGTTGCAGTTAAAAAGCTCGTAGTTGAACTTCAGGCCTGGTCGGGCGGTCCGCTTAACGGCGTGTACTGTCTGACTGGGTCTTACCTCTTGGTGAGCCGGCGTGCCCTTTATTGGTGTGCGTCGGGGAACCAGGACTTTTACCTTGAGAAAATTAGAGTGTTCAAAGCAGGCCTATGCCTGAATACATTAGCATGGAATAATAGAATAGGACGTGCAGTTCTATTTTGTTGGTTTCTAGAGTTGCCGTAATGATTAATAGGGATAGTTGGGGGCATTGGTATTGAGTCGCTAGAGGTGAAATTCTTGGATTGACTCAAGACCGACTACTGCGAAAGCATTTGCCAAGGATGTTTTCA","ASV_7571","Eukaryota","Obazoa","Opisthokonta","Fungi","Basidiomycota","Agaricomycotina","Agaricomycetes","Baeospora","Baeospora_myosura",100,100,100,100,100,100,100,71,71,7052,"ASV_7571","High","139080","Eukaryota","Basidiomycota","Agaricomycetes","Agaricales","Cyphellaceae","Baeospora","Baeospora myosura"
"ASV_8839",0,0,0,0,174,0,"AGCTCCAATAGCGTATATTAAAGTTGTTGCAGTTAAAAAGCTCGTAGTTGGATTTCTAGGGAAAGGTCTCAAAACCGATCTCTACTAGTCCCTTCAGGGACAGTTACTGTGAGAAAATTAGAGTGTTTCAAGCAGGCGTTTGCAGGAATACATTAGCATGGAATAACGAATGTTTCTAGAATCTTGGTTAATTCTAGACAACGATTAATAGGGACAGTTGGGGGCATTAGTATTTAACTGTCAGAGGTGAAATTCTTGGATTTGTTAAAGACTAACGTATGCGAAAGCATTTGCCAAGGATGTTTTCA","ASV_8839","Eukaryota","TSAR","Alveolata","Ciliophora","Litostomatea","Rhynchostomatia","Dileptidae","Monilicaryon","Monilicaryon_monilatum",100,100,100,100,100,100,100,57,56,8168,"ASV_8839","High","1502666","Eukaryota","Ciliophora","Litostomatea","Haptorida","Dileptidae","Monilicaryon","Monilicaryon monilatum"
"ASV_11572",0,0,113,0,0,0,"AGCTCCAATAGCGTATATTTAAGTTGTTGCAGTTAAAAAGCTCGTAGTTGGATTTCGGGTGGGTTCTAGCGGTCCGCCTATGGTGAGTACTGCTATGGCCCTCCTTTCTGCCGGGGACGGGCTCCTGGGCTTCACTGTCCGGGACTCGGAGTCGGCGTTGTTACTTTGAGTAAATTAGAGTGTTCAAAGCAGGCATACGCCCTGAATACTTTAGCATGGAATAACACGATAGGACTCTGGCCTATCTTGTTGGTCTGTAGGACCGGAGTAATGATTAAGAGGGACAGTCGGGGGCATTCGTATTTCATTGTCAGAGGTGAAATTCTTGGATTTATGAAAGACGAACTACTGCGAAAGCATTTGCCAAGGATGTTTTCA","ASV_11572","Eukaryota","Archaeplastida","Chlorophyta","Chlorophyta_X","Chlorophyceae","Sphaeropleales","Sphaeropleales_X","Pseudopediastrum","Pseudopediastrum_boryanum",100,100,100,100,100,100,100,51,51,10551,"ASV_11572","High-MH","None","Eukaryota","Chlorophyta","Chlorophyceae","Sphaeropleales",NA,NA,NA
"ASV_12720",0,0,96,0,0,0,"AGCTCCAATAGCGTATATTAAAGTTGTTGCAGTTAAAAAGCTCGTAGTTGAATTTCGGATCCGGGCGACTGGTCTCCCTAACGGGATGCACTGATCGGTCGGGTTCTGCCTTCTGGCCGGCCGGGCTGCACTTTATTGGGTGGTCCGATTCGGCCAGGACTTTTACTGTGAAAAAATTAGAGTGTTCAAAGCAGGCTTACGCTTGAATACATTAGCATGGAATAATGGAATAGGACCTTGGTTCTATTTTGTTGGTTCAAAGAACCAAAGTAATGATTAATAGGGACGGTTGGGGGCATTAGTATTTCGGGGCTAGAGGTGAAATTCTTGGATTCCCGAAAGACTAACTAATGCGAAAGCATCTGCCAAGGACGCTTTCA","ASV_12720","Eukaryota","Obazoa","Opisthokonta",NA,NA,NA,NA,NA,NA,100,73,73,48,29,29,29,16,12,11550,"ASV_12720","Low","3036234","Eukaryota","","Aphelidea","","Aphelidiaceae","","Aphelidiaceae sp."
"ASV_16356",0,0,0,43,0,0,"AGCTCCAATAGCGTATATTAAAGTTGTTGCAGTTAAAAAGCTCGTAGTTGAATTTTGGGCCTAACTGGCCGGTCCGCCTAACGGTGAGTACTGGTCGGTTTGGCCTTCCTTCTAGCTATCTAGTCTGCTCTTTACTGGGTGGGCTAGAGAACTAGGACTTTTACTTTGAAAAAATTAGAGTGTTCAAAGCAGGCCTACGCTTGAATACATTAGCATGGAATAATGAAATAGGATTTTGGTTCTATTTTGTTGGTTTCTAGGACCGAAGTAATGATTAATAGGGACAGTTGGGGGCATTAGTATTTCAGTGTCAGAGGTGAAATTCTTGGATTTCTGAAAGACTAACTACTGCGAAAGCATTTGCCAAGGATGTTTTCA","ASV_16356","Eukaryota","Obazoa","Opisthokonta","Fungi",NA,NA,NA,NA,NA,100,98,97,80,43,43,43,27,25,14566,"ASV_16356","Low","2316437","Eukaryota","","","","","","Aphelida sp."
"ASV_23503",30,0,0,0,0,0,"TATTTTTTCTCTAGAGAATAGTAATCTTGTAGATATTGCTCCCATCTTTAAAAAGGGTGACCGATCCTTTTCATCACAAATTATCGTTCCATCACCTTAACATCGATGTTACAAATCTTCACACAGCTTGTATACTCTTGACCACTATGACCAATATGTACATTTAAAAAACAGACAACATAACTTCCGCAGTAAGACAACACAGACAACACAACTTCCGCAGTAAGTCACAACAGATAACACAACTTCCGCAGTAAGTCAAAACAGACAACACAACTTCCGCAGTAAATACTCCACAAAATCTCTTCTAATATATTCACCACACACGATGTTGTTAATTCACTAAATAATAAATGGTAGACATGATAACAATGGACTTCTCAAAAGCATCCGACACAGTCCTCCACAACCGGCTT","ASV_23503","Eukaryota",NA,NA,NA,NA,NA,NA,NA,NA,84,44,29,27,18,14,13,13,13,NA,NA,NA,NA,NA,NA,NA,NA,NA,NA,NA
"ASV_30911",0,0,16,0,0,0,"CTCTTCCGATCTCCAGCAGCCGCGGTAATTCCGACCAGGCTCGCCACCAGCACCGCGATCAGTGGAATGAACACCTTCCACTGCCAGCCCATTTTTGTCAGATTGCGCAGGAACCGGGGAGACCACATGCTCGTATCACATCAGAGTCAGGACGGCGGCGCAAGTCGCACCGGAAGCAGACCTTGCGAGTCCGCTACGCTGGCCCTGCACCGTCGAATCTGGCATTCTCTTCGCCAATCAAGAACGAAAGTAGATCGGAAGAG","ASV_30911","Eukaryota",NA,NA,NA,NA,NA,NA,NA,NA,94,16,8,8,8,8,8,8,8,25606,"ASV_30911","None","None",NA,NA,NA,NA,NA,NA,NA
"ASV_35896",0,0,12,0,0,0,"CTCTTCCGATCTCCAGCAGCTGCGGTAATTCCGACCAGGCTCGCCACCAGCACCGCGATCAGTGGAATGAACACCTTCCACTGCCAGCCCATTTTTGTCAGATTGCGCAGGAACCGGGGAGACCACATGCTCGTATCACATCAGAGTCAGGACGGCGGCGCAAGTCGCACCGGAAGCAGACCTTGCGAGTCCGCTACGCTGGCCCTGCACCGTCGAATCTGGCATTCTCTTCGCCAATCAAGAACGAAAGTAGATCGGAAGAG","ASV_35896","Eukaryota",NA,NA,NA,NA,NA,NA,NA,NA,95,32,32,32,32,20,16,8,7,29038,"ASV_35896","None","None",NA,NA,NA,NA,NA,NA,NA
